path,label
bd7c68a92b4765eeab7834ec9e04369a.jpg,Makeup_brushes
1f230d90429988570577692841ac77fc.jpg,Makeup_brushes
d0b720a228ff9ebf22e45817e2698da4.jpg,Makeup_brushes
e80ae1745f966083676a98a22c165015.jpg,Makeup_brushes
29073decc3e4f00bb6bfc2fb79e4ecb5.jpg,Makeup_brushes
db661a880788dbc2f30dbb07f2b96f6c.jpg,Makeup_brushes
1598730d259b69e1876cb38d9c7755aa.jpg,Makeup_brushes
9a2d4c9ef33b6bb8b207ea48497bf8d5.jpg,Makeup_brushes
241c0d268eb3f75e4dfb46b8007eca12.jpg,Makeup_brushes
1b9bb630900a361cfba035095e71468e.jpg,Makeup_brushes
79ad0f421af71204134daf98fe28d0d5.jpg,Makeup_brushes
be49a68451e3626d85b5127872b9068c.jpg,Makeup_brushes
1a1708f2874ca5720759df40eb19d3b6.jpg,Makeup_brushes
4087468d170b2c3e07c995bb0fe068b2.jpg,Makeup_brushes
012bbdbe2a8b49aa291851c5ef132c38.jpg,Makeup_brushes
023a9566186f8780f9bfa09d39892c38.jpg,Makeup_brushes
8c8eb1146b2e0b23d8e5aac2721d0738.jpg,Makeup_brushes
9241952c12678e999d302deb983e03e9.jpg,Makeup_brushes
0371ba15255d20fe4228291ef7a26ea9.jpg,Makeup_brushes
83c0b8b5be9e66c436675b59c177b852.jpg,Makeup_brushes
0d1cbd07e107b01d3ce32ab98ba85871.jpg,Makeup_brushes
b583ef21e27824ad3a5aaefe60ef6711.jpg,Makeup_brushes
a27bee79481e5f61759d1038c4a1b790.jpg,Makeup_brushes
38f6a12e6c32346d04a7664c6d127796.jpg,Makeup_brushes
40e11698d4a0272be6019123bdfc7c5f.jpg,Makeup_brushes
c7151d52124a199e8a64e00e5947ef5a.jpg,Makeup_brushes
acbf6a8e889b90faf3d989c1dfb279da.jpg,Makeup_brushes
168b5348fe3218a1ea26b3c79b5416ec.jpg,Makeup_brushes
bad390fa172e705455577db2a98f0f1b.jpg,Makeup_brushes
bf8dc9e916b07efc59381e927f5971cb.jpg,Makeup_brushes
40c200f8ad7081b1e8ca75fd763cdbcb.jpg,Makeup_brushes
86dcdfee5151d70ab1d9fc18b286e91e.jpg,Makeup_brushes
e2e2e265b4af6c77054c24ff328e00be.jpg,Makeup_brushes
03af8d75d06da38218b8855fd6d6ba75.jpg,Makeup_brushes
5574f0b91bfa2e2a42f03cad5cc5cd18.jpg,Makeup_brushes
4edd8afdf5107ec71f1d648a7c970a7d.jpg,Makeup_brushes
ec8f0881fb0e476ca065fea649ff3d44.jpg,Makeup_brushes
eda534653431fb8af931ec6af4cbbdd3.jpg,Makeup_brushes
de60cc22addd5c09990e486119592c68.jpg,Makeup_brushes
bfcf5ce655a307e01e3d133db94e6b7a.jpg,Makeup_brushes
7bd790d0ba70cbe0ec8cbb8fefad89cd.jpg,Makeup_brushes
adf930b441897a300073ae40801c701b.jpg,Makeup_brushes
82b6d84877f4cad76b30ca26f141ecba.jpg,Makeup_brushes
5addc7ab99ffeec3f0d2740bde8dbc5e.jpg,Makeup_brushes
20498680edbbf8e5faa5a8b2c7850328.jpg,Makeup_brushes
86d15b5961af718113f2de52a0aa282d.jpg,Makeup_brushes
3b41a6165e84a98ab2c51b0d07a52dd2.jpg,Makeup_brushes
3c04b7a3e13354526610df68875d99ab.jpg,Makeup_brushes
af2c08d8f83f2f8c90895adff07c7915.jpg,Makeup_brushes
7f863c3bdf47b7635fe37be0a5df900a.jpg,Makeup_brushes
e0dd3fae50586c23b2d70dc279d2b396.jpg,Makeup_brushes
5a3132b6a210354c94696a6f652b3d11.jpg,Makeup_brushes
05fa620af02eaf1f016b8577dd044d2c.jpg,Makeup_brushes
2cff6699a9b6570a35eeef9d653867b0.jpg,Makeup_brushes
290ec5f25402d962cb3207d8dbc64de3.jpg,Makeup_brushes
fb6045d8e24722016dc2528296bd749e.jpg,Makeup_brushes
1f9c8cc6a1b03b30b9d7354ee9dc6bb9.jpg,Makeup_brushes
fa33617fc11435fde031b1088792fec7.jpg,Makeup_brushes
6997e59600b518f74688b0bf747c5f0f.jpg,Makeup_brushes
917d1b59f2fdd1a5594ed8d39d236923.jpg,Makeup_brushes
8f7349a85d4bc200b98d98bdf886e98d.jpg,Makeup_brushes
bc273de09dd790b9108ec03356f88f01.jpg,Makeup_brushes
36ab136333e26cb865a91b82a008c93e.jpg,Makeup_brushes
6bd4de582fd157c44773b532e932c0f2.jpg,Makeup_brushes
1dd27c01f389088c9a1ab0062cec1aea.jpg,Makeup_brushes
ea71d307056e287bdc6c2b572bb0ac79.jpg,Makeup_brushes
adbada37d813fee377e043c3f565a9aa.jpg,Makeup_brushes
9378f6e39fc56eaa81030786dfaa23f2.jpg,Makeup_brushes
7a6f5f7b5fa0c0e681f7ee78dfd86a1d.jpg,Makeup_brushes
375fb0485726a160c2f781bd5d4700e9.jpg,Makeup_brushes
24c41ea33f70f744911aa0af3305fc92.jpg,Makeup_brushes
ffe2dd4e49fd4a393029cdd9f244f781.jpg,Makeup_brushes
f702f40ff6c70cd48e6e2e653576f3a6.jpg,Makeup_brushes
c00088b96674cb1233ef37104f5c19df.jpg,Makeup_brushes
010a8090bfa226d9ccec8c788abc4536.jpg,Makeup_brushes
6274686906cd4dca3ba919cba967b5f9.jpg,Makeup_brushes
057051d9fcb6a499828d9784ca2c07c1.jpg,Makeup_brushes
887e9df283ed6349067046caa3d1847b.jpg,Makeup_brushes
6c00aeee21ddb58b8b803332b2207300.jpg,Makeup_brushes
8c52fdfe44d9c6ec915b5d3ad3e19b0d.jpg,Makeup_brushes
ce2f9df020507f543c55f20db14d222d.jpg,Makeup_brushes
87b6f18bd0372af9855da187e3d9d6a4.jpg,Makeup_brushes
fd628471e3eeacfaad6ba9687b5e9cea.jpg,Makeup_brushes
feccc66b55e614333d366adf98a0535d.jpg,Makeup_brushes
76db8d0a59b64071fa77eaa7cffb0e68.jpg,Makeup_brushes
cc5344f47ee57e40a95e6a66e8383cf6.jpg,Makeup_brushes
2868ca16d7a72a720a9664ffcf4adb3e.jpg,Makeup_brushes
2806c210145e65959e2db1b6bd1e12b4.jpg,Makeup_brushes
f3c5f6b80511a26fac54f93b9780c75d.jpg,Makeup_brushes
01ed11d91ca635ad67704bfe3b3996ee.jpg,Makeup_brushes
a26d3ba56ccf44a5162b8baaecb9a01f.jpg,Makeup_brushes
b7d27478dfb7b071d0f85f3188b55146.jpg,Makeup_brushes
940dad9750e49d60c09855353b1ffd80.jpg,Makeup_brushes
6b6d23d24268faab46c4e836a82e51a1.jpg,Makeup_brushes
588f97172ce4a808ee5c544ae7a4c007.jpg,Makeup_brushes
59f510eb1a498d890be3f764f8632a17.jpg,Makeup_brushes
59d6dfe8b3b64f398988c6280b45df91.jpg,Makeup_brushes
79846153cbe03a1682b5682393b8b583.jpg,Makeup_brushes
070ed81f8817861b7d98c98723d9706f.jpg,Makeup_brushes
5f6a4f07bc811e925fc0d10ee78e5b69.jpg,Makeup_brushes
09240fb465f5a26d45095c63f6a0fbc9.jpg,Makeup_brushes
81ed53074eb0b423b35d1c48e7d6eae2.jpg,Makeup_brushes
fe31d764ced84b896800d058a5958640.jpg,Makeup_brushes
4cfd4fe0a563b2f540d7491222d22fbc.jpg,Makeup_brushes
bd1106943b1f9bcc5c9aa01fdcb1699c.jpg,Makeup_brushes
121dbd1c4050a26cff706580e001e444.jpg,Makeup_brushes
e17d1c33331c0489dddd449885a65948.jpg,Makeup_brushes
b84a556278332fc75f6c09eb69139a5d.jpg,Makeup_brushes
cdd93797a894c8f2eba995bd5b08e0f8.jpg,Makeup_brushes
9834224c3c6221919fce0e01523a97d1.jpg,Makeup_brushes
dd80d72bbbc71dc57c9f1f778e574983.jpg,Makeup_brushes
ddeadbb5a97b5a4852ab0ba549c7652e.jpg,Makeup_brushes
a190d700ab94839b9ba409b87da8f10c.jpg,Makeup_brushes
c6589106e6068242bbbe12562f749ba6.jpg,Makeup_brushes
5f051c4accbd0e6f3fe43f6d57ce5d7a.jpg,Makeup_brushes
9d833ac882d6c1b16b2a8cb7e1c00fc7.jpg,Makeup_brushes
ddc923f556d4b842488dbaeb6af0d0ab.jpg,Makeup_brushes
53b25a77c206ed6ca17278ec0aef6027.jpg,Makeup_brushes
576f0eaa5257bb34ce47234319462451.jpg,Makeup_brushes
fc8b6ddece02ae50b3f5f89f14d99489.jpg,Makeup_brushes
e9cd10444cbecdbb97e6f756cb7a258e.jpg,Makeup_brushes
4e6503f39020bea2088e29a6f02d2a57.jpg,Makeup_brushes
4b24c8da7e5313d2e8c61d373e23dabb.jpg,Makeup_brushes
881c2b7de03cefbfde8d253428953f2e.jpg,Makeup_brushes
dc557dba4fe085deb9393ec6baaf9fd3.jpg,Makeup_brushes
9d98243b0c60462d36701ed9a5aba0c3.jpg,Makeup_brushes
1d752c1e78be81877bc656eb7a9258ef.jpg,Makeup_brushes
60f87426be09dd0b80f967f4638e9478.jpg,Makeup_brushes
485ec0b59d85a7a438bd66cf2726829b.jpg,Makeup_brushes
ded7b0ed17c7b9e0531a80eab3f31610.jpg,Makeup_brushes
0cfe560cf4fd902d47cc448573ce184b.jpg,Makeup_brushes
1ee9f6018e42fcdd43612803d1a806e5.jpg,Makeup_brushes
55793a22e34a9b15b25fcef31f2b08ef.jpg,Makeup_brushes
b35d89f86fb37a299c9b4c33fcd7b0a1.jpg,Makeup_brushes
2bd733c2945072fc66e9cafd48d92cfc.jpg,Makeup_brushes
e2ad50c69ea8f21a4644f9b558595b13.jpg,Makeup_brushes
ecbba3b793735db702e0aaf77d975376.jpg,Makeup_brushes
eb396a53f2340c4a2b279d91b2d25b9e.jpg,Makeup_brushes
0c7e4ee5a637fa8298bf20f32896e263.jpg,Makeup_brushes
a2e932e9d642c1faf10bea6138b2608d.jpg,Makeup_brushes
27206d254df4118b5f9aa0c6920cec50.jpg,Makeup_brushes
dbb0f032d2f63a084646d073f9ab2aed.jpg,Makeup_brushes
d10e04c002228aa882ab331730d86bc8.jpg,Makeup_brushes
8019e2819c9e8acc6d2fc24e260cb237.jpg,Makeup_brushes
c58d3fe7713c8010eaf306566bee258d.jpg,Makeup_brushes
d3cc4369f9e8cef3b853201050a1eede.jpg,Makeup_brushes
4338206eef5c2bce6804f75cee64c8f7.jpg,Makeup_brushes
6f099cd8a565fcea0403e102b5e41e86.jpg,Makeup_brushes
bf289925a4ac120f97762efc42726f66.jpg,Makeup_brushes
d61937bad7d82aedf8735ed79d2ef20c.jpg,Makeup_brushes
56bd0adae0874892a13859d53aa73118.jpg,Makeup_brushes
176202a71ee4e69d679f5f8426d30e40.jpg,Makeup_brushes
43cb037ed02ccfef97e68a03485e3e8f.jpg,Makeup_brushes
e05ed248dc4b6cc7a4ffd3aae270ba17.jpg,Makeup_brushes
eff2928a11ff7c5c7d0ce9d59664a344.jpg,Makeup_brushes
2eceaafa8c04ae61ae077fff840bc283.jpg,Makeup_brushes
54732396_428515684383714_830097792503344055_n.jpg,Compact_foundation
71bcb26524823363f4ec2e730359b8be.jpg,Compact_foundation
5de481b13e679155685eebd131f86856.jpg,Compact_foundation
52706566_120671799026873_4761306236175088987_n.jpg,Compact_foundation
47691674_771286466565945_4852386248493652382_n.jpg,Compact_foundation
52396650_321089618594840_9092972168057126948_n.jpg,Compact_foundation
52514275_258105961767589_3578805589393473406_n.jpg,Compact_foundation
49987482_401826620624239_859956790992441599_n.jpg,Compact_foundation
56908106_1589768521156814_1526709954950708189_n.jpg,Compact_foundation
51050492_170895393881295_3522592562774396303_n.jpg,Compact_foundation
53048097_126663998399519_5473784092643261315_n.jpg,Compact_foundation
859121a36ee9ca0bb06aeacf45ecb2fa.jpg,Compact_foundation
c76d39bb54ae3f33ce9ac33e207e52c7.jpg,Compact_foundation
58430463_1205367819637441_6280749316030801781_n.jpg,Compact_foundation
3b81fc620bbb6f8608093ab7da061488.jpg,Compact_foundation
54447213_269145737336972_5156233241782193830_n.jpg,Compact_foundation
f0ca8d367fe4b393971b1007f1eae340.jpg,Compact_foundation
f3742e7c3acc6be48c6bc0a81470d953.jpg,Compact_foundation
53439448_127363811681271_1143534596402814831_n.jpg,Compact_foundation
87a37bc3c7d1f129a6e7529f8c0997c1.jpg,Compact_foundation
54513982_402521710549239_8865340576791324600_n.jpg,Compact_foundation
51321816_1191347714365504_767364259089772903_n.jpg,Compact_foundation
56622614_822114698149110_6187057017541331908_n.jpg,Compact_foundation
fc5bd956b6ba7d5ed6e6632d333fc989.jpg,Compact_foundation
a2e5d3ca82fec8898a5a536bffe03d7a.jpg,Compact_foundation
e31ee3ff37a6fb5c49da415d49192b00.jpg,Compact_foundation
b555b9c65675efa4cb0854096aebe44a.jpg,Compact_foundation
0338c29d31b134283cfb6b655c4776e7.jpg,Compact_foundation
50875604_120717188982596_2053213781416335782_n.jpg,Compact_foundation
2e5e621753577bf1f93b6123593beb9e.jpg,Compact_foundation
e40a38d0add3c59d92cbef35bde20a4c.jpg,Compact_foundation
5880b61a2cb755bf483847e3ab913a74.jpg,Compact_foundation
bcb6b12009d73018dc623bec7036ec21.jpg,Compact_foundation
53078779_113517309622135_2916959882517067853_n.jpg,Compact_foundation
58610309_404744460376635_6433465045679883550_n.jpg,Compact_foundation
57899658_2033173980321708_8024751751841570763_n.jpg,Compact_foundation
50696548_2544507648953136_5036453569080937473_n.jpg,Compact_foundation
19d94a208603357132fe981364fa520a.jpg,Compact_foundation
58410814_607171179789084_6722011800121801804_n.jpg,Compact_foundation
e727268c49a544fd8dc071bb047822d5.jpg,Compact_foundation
51125107_372308953501036_6328925592367917684_n.jpg,Compact_foundation
362fdb249ad8bdac01b7e543d755b336.jpg,Compact_foundation
451f292bec647ea47ea4a0323c80d012.jpg,Compact_foundation
4ed818bfcee7771006b5a182014a5b6f.jpg,Compact_foundation
e43ecd54102e97cf5119c79a432cbbea.jpg,Compact_foundation
54800895_421981545230455_8330805399857588608_n.jpg,Compact_foundation
50578364_2039484636107237_399929179915598943_n.jpg,Compact_foundation
6085c2793c7c7a1ffcebb0b35b696540.jpg,Compact_foundation
68f08762eea0912c232c41cdeaf535d6.jpg,Compact_foundation
00ee2dff8d93496e702080acba2e2ba5.jpg,Compact_foundation
d10b6be914bdbac19bc4f07e90e3ceaf.jpg,Compact_foundation
54277376_2340187359535753_2706388224534063168_n.jpg,Compact_foundation
54225810_341743499786520_7532865506528495271_n.jpg,Compact_foundation
3b4f443ef77eb02de9429c969c9f1c9b.jpg,Compact_foundation
2242553afdac44ec16c757f1b6693f2e.jpg,Compact_foundation
52833921_2200492810009827_1859274285586536063_n.jpg,Compact_foundation
4fd2e03a5a2ae447284dcb8795f15183.jpg,Compact_foundation
5e3de00d5d8891679e91ee32e41397a2.jpg,Compact_foundation
50699351_321641901790719_5599981087405787444_n.jpg,Compact_foundation
53813382_315503679156078_4289474304672053880_n.jpg,Compact_foundation
49858655_117178409347755_7510809718129403630_n.jpg,Compact_foundation
5d067152cc86fa82566d9647d2d89cfd.jpg,Compact_foundation
58453796_429286877654553_2291372381335729302_n.jpg,Compact_foundation
53677166_382806085608802_2046273117197812359_n.jpg,Compact_foundation
58711683_166765687670849_7628894720071825611_n.jpg,Compact_foundation
53014208_127424101717343_2364383337900758675_n.jpg,Compact_foundation
2a4cda433e5db4af96753f9030f53d64.jpg,Compact_foundation
6a65635e7272e2f22c17f09cda9a9d8d.jpg,Compact_foundation
4cf92bf43ae26fb0358a7a75f4c852b0.jpg,Compact_foundation
54217575_301039910590704_1102700202008528132_n.jpg,Compact_foundation
cceb81a05f9e72466585562e6f95a888.jpg,Compact_foundation
57336622_133446134474705_6538231341004067605_n.jpg,Compact_foundation
55798353_7103523520052320_2604755775441760571_n.jpg,Compact_foundation
49986752_734529393590318_6936934833699857385_n.jpg,Compact_foundation
58737531_125364511979476_2094331533855423270_n.jpg,Compact_foundation
22794359_145084296225311_8732661178494353408_n.jpg,Compact_foundation
53641609_138867863822465_3689409524734098923_n.jpg,Compact_foundation
9098f435330b381b5934c6bf44f480d5.jpg,Compact_foundation
9268c5352c73dec1e09bd15c241aca00.jpg,Compact_foundation
56778629_418127138791622_4541558693176022682_n.jpg,Compact_foundation
dfadd9109ae1e3123dd643d589029025.jpg,Compact_foundation
54008911_255610018716806_6943763072628844141_n.jpg,Compact_foundation
56529089_569374786907011_8327013435802433375_n.jpg,Compact_foundation
51492579_317236059147576_188745772962702683_n.jpg,Compact_foundation
53267144_790153414674956_7912550159164084426_n.jpg,Compact_foundation
50068020_2568846743143032_199235645671941584_n.jpg,Compact_foundation
51309041_122643718799647_5272130437873657835_n.jpg,Compact_foundation
407d017fe338e8cb8897b6826e11b88b.jpg,Compact_foundation
2176029373de529b91609809e5b3e711.jpg,Compact_foundation
72e685d6549f03efe6afbcaf6ea53455.jpg,Compact_foundation
b58ab4d8fb1fc9f3a0ffb6b67b6b3367.jpg,Compact_foundation
52612091_366488267278970_934386908960193532_n.jpg,Compact_foundation
53435596_390005528444538_784473812075766621_n.jpg,Compact_foundation
57345612_1019866931537098_9213102139865756574_n.jpg,Compact_foundation
b789ff4155b18ff234623af5aea2395e.jpg,Compact_foundation
a675d897cbea9a4268236dd93738584a.jpg,Compact_foundation
1ada149beeeedb0c479016aa06850fe8.jpg,Compact_foundation
b4223238b021ebe164e604b8b881bb25.jpg,Compact_foundation
53669246_2251356231744908_1027692631675175209_n.jpg,Compact_foundation
04b86d43697cba8d90a004c8f147e8f3.jpg,Compact_foundation
52816944_368724693969546_4787631656831199161_n.jpg,Compact_foundation
55827168_131197308022421_7521437934107464891_n.jpg,Compact_foundation
ac1579818909238b94ebb5f52dde66ad.jpg,Compact_foundation
c074a79cc7f02394f3fc52211490aa16.jpg,Compact_foundation
57284768_988386231367213_4019399577655235445_n.jpg,Compact_foundation
ab1693cef1f8666003af875ec62b667a.jpg,Compact_foundation
82baeed6bb106896a636b5782cb39d14.jpg,Compact_foundation
57488119_586462611764354_8852359200395355930_n.jpg,Compact_foundation
50170748_575833399495381_188666614829972769_n.jpg,Compact_foundation
57000894_929439984070860_6650680695084821940_n.jpg,Compact_foundation
21533bd892ab0e79b300d42106fc4e2e.jpg,Compact_foundation
9056c6ad149a2236602d13528314c782.jpg,Compact_foundation
1222c6324ec25bb429cd5b9c02f71d3c.jpg,Compact_foundation
c73cd7d0f0750770707e51d8ddc2feaa.jpg,Compact_foundation
a50fb19ce6f7dd3107ce6f83016ab629.jpg,Compact_foundation
51113636_856532964677861_637825252152852578_n.jpg,Compact_foundation
83e0f4961eb5343b7e212f7a67c16e64.jpg,Compact_foundation
348d0b2655e5f395223e433d22c20208.jpg,Compact_foundation
a422f5c5b87dc5e3be362098c4a6417e.jpg,Compact_foundation
6ad454d09d331986225f811ff87eda58.jpg,Compact_foundation
16d23dd791d767af61bc3ab969f6acaa.jpg,Compact_foundation
81cc3a47abd43d044b8e21005408ee5e.jpg,Compact_foundation
1b55db67e4dd7610763f5db0ade3e826.jpg,Compact_foundation
3978d3016a1e345650b645c44056de91.jpg,Compact_foundation
58409884_159263065111125_5625511489243512732_n.jpg,Compact_foundation
1f7e7e9a99087dc1fd4217063499e741.jpg,Compact_foundation
a09c9491ac7d599cc127f309704f2d4e.jpg,Compact_foundation
56268800_2328183334110589_375851447351799066_n.jpg,Compact_foundation
53411937_125909998529466_8311232422997350425_n.jpg,Compact_foundation
cc75cc7f35208c769457733129bc06ea.jpg,Compact_foundation
53559962_301282900542866_6051398603117255656_n.jpg,Compact_foundation
54513342_360152801508112_6264884446311738329_n.jpg,Compact_foundation
8296b6fe6e8c7b06e93592002e679466.jpg,Compact_foundation
e1d2ff46767e995d6b387f670b0fcd61.jpg,Compact_foundation
aeacfb55f62992be206e85f0808b9aca.jpg,Compact_foundation
53248518_2338934806390161_672788898032583749_n.jpg,Compact_foundation
a3467ddc53205df8c22272f4e187ef79.jpg,Compact_foundation
6019e688db0c96f2f9cbdcc462af82d6.jpg,Compact_foundation
d44dcecbaffb0694f2756b854f95cf23.jpg,Compact_foundation
5f8392e01fbb74741852dc6121c4e073.jpg,Compact_foundation
57331523_200239340940703_6603782834196678239_n.jpg,Compact_foundation
53487490_123589072081377_8893744710517707560_n.jpg,Compact_foundation
f336960993f834a1bd28623aa018f4b0.jpg,Compact_foundation
58f3791ea6c4f5d2e959d1b664f4328d.jpg,Compact_foundation
53083498_1996436510662318_8081578959101036309_n.jpg,Compact_foundation
1794425a15e97b96c55025408c6e9bfd.jpg,Compact_foundation
58409399_817656158597793_5276199749442514141_n.jpg,Compact_foundation
9a1b03f3b85608b5ff3c660536d3a7c0.jpg,Compact_foundation
68a1e6c523d434f6395d046b01bf0678.jpg,Compact_foundation
ee114ee719f003d12918d4f615c1ee7f.jpg,Compact_foundation
54247685_2076684529093350_144331543902004028_n.jpg,Compact_foundation
53470940_123920112034720_4968449751439523696_n.jpg,Compact_foundation
57555578_116973186167308_6945805737986555053_n.jpg,Compact_foundation
50996941_557087761456220_1952313921815031425_n.jpg,Compact_foundation
50084553_784941041852850_4771754344834126882_n.jpg,Compact_foundation
58008189_799851547053857_3777840814107880714_n.jpg,Compact_foundation
51691391_145526466470299_2062638988738976268_n.jpg,Compact_foundation
51270444_388690061942491_6718970739725187518_n.jpg,Compact_foundation
52080740_2218690515037593_4208278129178922865_n.jpg,Compact_foundation
59562461_397877194140045_6007544666250130178_n.jpg,Compact_foundation
c73d2bedfaf26a7579ba3796e882ba37.jpg,Compact_foundation
59361333_589942978193499_4745585950348339612_n.jpg,Palette
60772400_162513688107410_2956608379972102972_n.jpg,Palette
58818507_2339648966280074_4594923545900405480_n.jpg,Palette
58831710_702323983515106_9148002572692580258_n.jpg,Palette
58660026_617680415373952_4357572855720056525_n.jpg,Palette
59538978_132883407778754_8332143665580809096_n.jpg,Palette
59830876_1621622227982016_8674248595636732821_n.jpg,Palette
59444609_377601959549528_542320681079738787_n.jpg,Palette
59654323_1119143781607843_417711822200466111_n.jpg,Palette
59889381_120508775820353_8149504544375967164_n.jpg,Palette
59129620_822621028136577_3298941392970026951_n.jpg,Palette
53402129_414673729286698_5362229194065775347_n.jpg,Palette
58763461_2319200795068982_3336030844942939544_n.jpg,Palette
59800407_658092267956797_9014152631147417835_n.jpg,Palette
58423615_2331689843779226_5922924380018098710_n.jpg,Palette
59022969_371555253713956_8949012348336313116_n.jpg,Palette
59734804_139744450519671_1667106573758180881_n.jpg,Palette
58608532_594389841047637_3667884276263885577_n.jpg,Palette
58654827_601843886980806_1555225804080568881_n.jpg,Palette
58950169_427518461366114_2949497750930570070_n.jpg,Palette
58793439_408394846672890_8138790303010584156_n.jpg,Palette
59698659_539265393144885_4651739658165286096_n.jpg,Palette
58410507_2063636173937100_2849839732209065343_n.jpg,Palette
59970507_2054236908031548_1566788600944283715_n.jpg,Palette
59571718_126997475155519_899088142367462288_n.jpg,Palette
59840063_335818707083821_3656332642049934563_n.jpg,Palette
46b1e56e2f8dd6d34e3ca0f10d612cdb.jpg,Palette
60279600_2055449261230389_2231508426296104940_n.jpg,Palette
59361333_180969106229363_4850803494710951637_n.jpg,Palette
59691344_444110289498297_7862085697868549173_n.jpg,Palette
59204078_687939564995361_1668087238827276611_n.jpg,Palette
58468469_1077886815735871_2260443520772319408_n.jpg,Palette
58978637_546739469187093_2060933529461025310_n.jpg,Palette
59320292_2176753445748572_4181875994863587105_n.jpg,Palette
58785074_338430026870970_2319836138761017553_n.jpg,Palette
60628918_357788381753066_1471985257747540815_n.jpg,Palette
59395411_114227326461807_4202264081360973852_n.jpg,Palette
59374340_457756188303637_1313219026856863298_n.jpg,Palette
e883b15c806268b608cd3fcb37958078.jpg,Palette
59774203_363158567885047_7552483184981647338_n.jpg,Palette
58895271_304189020498274_7494736082640869278_n.jpg,Palette
56977115_292901781655080_2741013705146587816_n.jpg,Palette
60066589_110620566660209_865774018368252276_n.jpg,Palette
58410285_333242934056100_9013210576641858383_n.jpg,Palette
59153045_397935001047198_6942983370501216270_n.jpg,Palette
59453682_342935499748363_3574475469853709275_n.jpg,Palette
52855250_297500050944371_484582101360506526_n.jpg,Palette
57580403_2168586653259775_143891152539508310_n.jpg,Palette
42454554_327753777990865_7165230174703768812_n.jpg,Palette
59477474_1018958284975119_3045448740928213124_n.jpg,Palette
51117065_156588128684456_1772003032810601893_n.jpg,Palette
58622828_508677626336445_2741808873753842971_n.jpg,Palette
59352396_115435309455061_247153434129720389_n.jpg,Palette
57377607_136236640781223_1452633096565453169_n.jpg,Palette
59442648_349568845745935_3864676690765862312_n.jpg,Palette
59737830_515391665660663_1424229559825710532_n.jpg,Palette
58409372_1283314771817197_4757631031310840162_n.jpg,Palette
59572164_352196065298295_929369153820875197_n.jpg,Palette
59498031_2002592693382222_6165873007729646151_n.jpg,Palette
59632064_198972437739458_252160001864473521_n.jpg,Palette
59649725_799304063796901_8953090832566651321_n.jpg,Palette
d5311ac93822fd7d33cf6ff093450e2b.jpg,Eyebrow_pencil
e282c37bf97bb5c2c09524f0cd556db0.jpg,Eyebrow_pencil
df10a251fc9fa437da9f6b6a9009090f.jpg,Eyebrow_pencil
58939994_842826102720579_1720461027115098266_n.jpg,Eyebrow_pencil
eed54c23877520f4d111268aed4816d8.jpg,Eyebrow_pencil
59dfaeccd884b959c63cae4463fc6a91.jpg,Eyebrow_pencil
60060b9f141834596bb280f5b41be229.jpg,Eyebrow_pencil
a33f977394896758252c5e75f4cb3762.jpg,Eyebrow_pencil
ecf9583f10c802cbb9fae8bfa3d050e0.jpg,Eyebrow_pencil
d0994ca36634069d547cf5e0c74ef9e1.jpg,Eyebrow_pencil
8b477bb622eedca1fba038b4943d2809.jpg,Eyebrow_pencil
e619dba43fa61d1888566fdf3546fc63.jpg,Eyebrow_pencil
231863c1138b11aa1ba6014d7065430a.jpg,Eyebrow_pencil
bef0eea079f656021dec3410bedcfd42.jpg,Eyebrow_pencil
6bdff6ad4cf3d7e75935693a70674a7b.jpg,Eyebrow_pencil
3d5a4535b9d275c219813493b7c2c5cd.jpg,Eyebrow_pencil
58722673_141347543667901_3151208075319245682_n.jpg,Eyebrow_pencil
103ad28f89c7e29bfb284d66367827af.jpg,Eyebrow_pencil
58468410_1025118017686840_5562585288990348369_n.jpg,Eyebrow_pencil
48efcab5bc27f9d1d7226440fb630a3f.jpg,Eyebrow_pencil
49858641_585610541908367_6794092434718249078_n.jpg,Eyebrow_pencil
61ba3334e453ad8a5a0540f7f17e2421.jpg,Eyebrow_pencil
460e7511b81b165a60ac994d845895a1.jpg,Eyebrow_pencil
b097a0c690a9f35722c9f5c07df38d4a.jpg,Eyebrow_pencil
6c0aece9a89e2966c52819d5a16ce258.jpg,Eyebrow_pencil
566d66fa7d27205b5b0db687955e2f0c.jpg,Eyebrow_pencil
fb7e274483060b0edd3c95a82afdeaec.jpg,Eyebrow_pencil
58409881_338572633496161_5847907900344718930_n.jpg,Eyebrow_pencil
da9f6d2bbe61412c5e1a5be8c233ed60.jpg,Eyebrow_pencil
e1ec47123023409fc1beb55e6666cc8d.jpg,Eyebrow_pencil
b692768bdfa741111ab6abee841be807.jpg,Eyebrow_pencil
7cf27aac19e725a415c898b10d8044d0.jpg,Eyebrow_pencil
58902479_357570501402656_3124632881229888326_n.jpg,Eyebrow_pencil
1697172daf2ed30637f0e71d409b4d50.jpg,Eyebrow_pencil
646a551e61667ac09fdaec4702584c3d.jpg,Eyebrow_pencil
d575d5b733dd964419298494553f0b8e.jpg,Eyebrow_pencil
2791be8793bac97cebd5f539af40b7dc.jpg,Eyebrow_pencil
59345491_431519897404579_5202959388722867545_n.jpg,Eyebrow_pencil
0f2c597bbb645409273d2b74f60793e8.jpg,Eyebrow_pencil
59805826_116455749563304_1572869225892757098_n.jpg,Eyebrow_pencil
a3ecbe113fd8066cfcfa246518b8d870.jpg,Eyebrow_pencil
275d7fe6c1168134b88ca4e463489329.jpg,Eyebrow_pencil
040342b4134a6508befadc0152967eaa.jpg,Eyebrow_pencil
390359713dead7adb21a797967d7723a.jpg,Eyebrow_pencil
f6567db5b8addb079d54183e6452ae08.jpg,Eyebrow_pencil
b83b46d4d7743a4a943f46349ba94c23.jpg,Eyebrow_pencil
9195c6dd09166286d912f74fd8c6ff90.jpg,Eyebrow_pencil
ff6848f6849b436c737add97949e90f9.jpg,Eyebrow_pencil
58805647_861107574221807_7288345126722120144_n.jpg,Eyebrow_pencil
fd922b9022a8eb129047ce7c668e494b.jpg,Eyebrow_pencil
8489533674f38e16adb6f1975fbac830.jpg,Eyebrow_pencil
60180776_383543695585213_273112937072883935_n.jpg,Eyebrow_pencil
f1faabd399331686525e246337a3b350.jpg,Eyebrow_pencil
f9d3d6b20362b25d7703f1adfa1f2680.jpg,Eyebrow_pencil
47814e0bbe063bd0e210c0112db3edfa.jpg,Eyebrow_pencil
e7232bb9ed141280925d674e873666f2.jpg,Eyebrow_pencil
4ea126bd81db568925c5b734653c75bb.jpg,Eyebrow_pencil
59825101_318385295520834_6762444746638236670_n.jpg,Eyebrow_pencil
7f46e251f44ab7da2e04d9cd14b75842.jpg,Eyebrow_pencil
f60329ed20a3fd089971421f1011df9e.jpg,Eyebrow_pencil
308beee6df672ab5ec671c1a3e851ef4.jpg,Eyebrow_pencil
dcc95a0acf26ab781b569a0b0575e1bc.jpg,Eyebrow_pencil
b41480d8a92a21d2caa2210f6b89e1cd.jpg,Eyebrow_pencil
60286649_474679939742088_7583446858335907570_n.jpg,Eyebrow_pencil
817dc7a17cf5391c728e1341451d307e.jpg,Eyebrow_pencil
544a4e933a83cc7d863c96f807d2c0f2.jpg,Eyebrow_pencil
c34741c39d2be47d0fad5479f94b7601.jpg,Eyebrow_pencil
59350756_798594953873543_3708787506266665598_n.jpg,Eyebrow_pencil
57597760_855399961486803_818522283124777652_n.jpg,Eyebrow_pencil
e7dd0d17615453180fed3d992ea66a64.jpg,Eyebrow_pencil
57506589_617347805450273_2344111753823638906_n.jpg,Eyebrow_pencil
a3a0c797345be6ed9d3573650e31c931.jpg,Eyebrow_pencil
287f85cefedab14eb1a40d3702c73332.jpg,Eyebrow_pencil
9547d0c2c82752924890b55d3f76c85d.jpg,Eyebrow_pencil
a552dbe1380e7f124db1191d807a74bf.jpg,Eyebrow_pencil
ce884166d05c11442bf55efd0bc5df08.jpg,Eyebrow_pencil
3effc37e03b59d748901a221dd20f7d0.jpg,Eyebrow_pencil
59223dd2db2e228eaa6b079612d9f0db.jpg,Eyebrow_pencil
59265581_593066421192709_7945171835748601874_n.jpg,Eyebrow_pencil
67810965070d47977ca9c432b17f806a.jpg,Eyebrow_pencil
39de787c1a417a489a46dfd66f8ae4a0.jpg,Eyebrow_pencil
fa41e0fdd9b4938d2c9b650dd7e1e929.jpg,Eyebrow_pencil
57952121_106626710471823_4412350483283654211_n.jpg,Eyebrow_pencil
7e2424ae72ed370ff399b561268ba651.jpg,Eyebrow_pencil
9084e9b254d6a902a30f8ad361a11900.jpg,Eyebrow_pencil
59494666_290206265263068_8894539202131192204_n.jpg,Eyebrow_pencil
d27fd27c54df8f892a7582dcaea204e5.jpg,Eyebrow_pencil
59299971_866940526972944_1036440095636385257_n.jpg,Eyebrow_pencil
01f2fc6e8cf13cf48183d62b3fed3a81.jpg,Eyebrow_pencil
c350ab226baa927590826ff7eb6cccea.jpg,Eyebrow_pencil
2c7a372845d2693a9381ee49e8b091e3.jpg,Eyebrow_pencil
4f3a7832df262cd1c2a36a729e49e672.jpg,Eyebrow_pencil
59429908_112967439922902_8770402407606472060_n.jpg,Eyebrow_pencil
3308b2ebba3130620f5cdd4a30802615.jpg,Eyebrow_pencil
f00e82aea64fa3609dd271cfd02a890a.jpg,Eyebrow_pencil
b15546fba637eb06701cd24542bfc907.jpg,Eyebrow_pencil
59298210_282418499368003_3944455348874984676_n.jpg,Eyebrow_pencil
44b25bcb245774165817b91a97a76f21.jpg,Eyebrow_pencil
58409346_2345881335679339_2906193503253797286_n.jpg,Eyebrow_pencil
58842661_432043120889248_8239764153105907999_n.jpg,Eyebrow_pencil
b90ca722ad449acb1f39ba8a67e54eeb.jpg,Eyebrow_pencil
3d6fda14f2936d05c3c684b07d4ac397.jpg,Eyebrow_pencil
f335d609ed4ede672c2a04b11f8fffa2.jpg,Eyebrow_pencil
041957596491873cea59323cd3fa4e33.jpg,Eyebrow_pencil
404ad2ff3dbc0aa3599c63ce7d819612.jpg,Eyebrow_pencil
e4718a968c01d77fdecdaae8eb919428.jpg,Eyebrow_pencil
9603183e4bc50832a81dc56cc67cac5a.jpg,Eyebrow_pencil
56453426_123706255485731_2261212813878858913_n.jpg,Eyebrow_pencil
58409540_197414567903269_5743602557521865098_n.jpg,Eyebrow_pencil
e8969a589c6f8cef991c234693ab188b.jpg,Eyebrow_pencil
aab258351d39179668765a16c56ff319.jpg,Eyebrow_pencil
706e45d08f1015ddd4a5a3c7151663c1.jpg,Eyebrow_pencil
727152cbb98113361d23edfe1dcd6e3d.jpg,Eyebrow_pencil
58409694_1306147976209637_4245405079009052077_n.jpg,Eyebrow_pencil
f733b850c9a24d62407da7ff09cd80e4.jpg,Eyebrow_pencil
59924635_1996074063832593_4081846817932213989_n.jpg,Eyebrow_pencil
8b1e007a68a402297d7400f505c6ca1d.jpg,Eyebrow_pencil
81a3ff17ca384b54cc3a853e2ccf6c78.jpg,Eyebrow_pencil
eb80532bc92221250a0eb766a0783dc0.jpg,Eyebrow_pencil
d4374485caf1a38f7e0e053d552f9325.jpg,Eyebrow_pencil
59614442_172267893765011_1416094867860367949_n.jpg,Eyebrow_pencil
5d95e680688c50219fb0513e387763e1.jpg,Eyebrow_pencil
c2ac367f411ea1274df280259507d930.jpg,Eyebrow_pencil
7e31fdab2232e71cafa65b65d8588f91.jpg,Eyebrow_pencil
58453505_138450203963039_4957726965981577144_n.jpg,Eyebrow_pencil
49906922_740954656288954_2812324256396281087_n.jpg,Eyebrow_pencil
58761690_423498401548730_8099586215064129477_n.jpg,Eyebrow_pencil
1a95841a700bda10afcb135a11196daa.jpg,Eyebrow_pencil
58694266_2322517961140958_3358878979249759430_n.jpg,Eyebrow_pencil
b211c4b8ecd0d4b2fd0962486f3c635a.jpg,Eyebrow_pencil
f5e6dcb50b26d2060a84f2037d23fa7c.jpg,Eyebrow_pencil
59578769_162947421401977_7222772822342716853_n.jpg,Eyebrow_pencil
58423615_323013188362793_6434954241846464465_n.jpg,Eyebrow_pencil
c0cab687003869a1a5e2f4540169b09d.jpg,Eyebrow_pencil
19936dfc9b622b43c76f2a7a227a594c.jpg,Eyebrow_pencil
fbca694b477e137184239637313e5366.jpg,Eyebrow_pencil
58608512_2085318068263138_7822129500788185833_n.jpg,Eyebrow_pencil
94ac5a355d351ec197a76b78c4faed8d.jpg,Eyebrow_pencil
b2495b9042cbfc3a75b53124ba2edece.jpg,Eyebrow_pencil
339b030f4a4c86a57b8014f048cd6d49.jpg,Eyebrow_pencil
0ed2e0d4d2124a7eab1177b404226d13.jpg,Eyebrow_pencil
3d022a73a3e63a821236af1ff1b2753b.jpg,Eyebrow_pencil
f59614d5099b95ad94938ac4bafb6f6b.jpg,Eyebrow_pencil
a7a521e654f2aaf62b4625edb23f809f.jpg,Eyebrow_pencil
60014280_2890376317855179_8323651608016974750_n.jpg,Eyebrow_pencil
9a1d9e53249737b64521348a99efe9ee.jpg,Eyebrow_pencil
e17a5c9a6059186228ff582911309b92.jpg,Eyebrow_pencil
509e8e67403e185ba75b1d423728fcab.jpg,Eyebrow_pencil
d6a1aeadf39a9c4b497340bcbdb81bfe.jpg,Eyebrow_pencil
58410886_838729093154120_1032996293199997622_n.jpg,Eyebrow_pencil
58468648_144880793310173_2727739364008685780_n.jpg,Eyebrow_pencil
729ade59a5b764e411c8fb201a3ccb26.jpg,Eyebrow_pencil
d57f604d84d1b8e9ebe49b8bf42f5a2c.jpg,Eyebrow_pencil
ddba9c097694e4237bfd5ac342d3e8f8.jpg,Eyebrow_pencil
58599234_317114599185206_3461110452515783203_n.jpg,Eyebrow_pencil
dfa23b7f64ad5d650297b719ca20817a.jpg,Eyebrow_pencil
56a0d7b93e948d2f7d5a8570d83e1edc.jpg,Eyebrow_pencil
3f6e29f60861b0c47a7b760e6342b006.jpg,Eyebrow_pencil
91c24b7c0be1579589e1f3c0e213bd57.jpg,Eyebrow_pencil
088c2027db6534038e920dc73c3ddd4b.jpg,Eyebrow_pencil
ddd58d9c57a7a017a64bf853a78b7c2d.jpg,Eyebrow_pencil
a6034712ed3c2e6938e2c67074fdf8e1.jpg,Eyebrow_pencil
f7a7019d3aba7496fb0fc682561db21e.jpg,Eyebrow_pencil
d0694786f3cac04693907b72ee909adb.jpg,Eyebrow_pencil
5778def8181550a479aba0e9fb0cd231.jpg,Eyebrow_pencil
90e597361e91b8e64064a59b85ebd998.jpg,Eyebrow_pencil
57625236_110435430174742_4896375969089666112_n.jpg,Eyebrow_pencil
3bcd08aeb05200e8a589c28e9a477151.jpg,Eyebrow_pencil
58933507_580140795826847_9206587623665670059_n.jpg,Eyebrow_pencil
c883c350b7b56581d698090b6da337df.jpg,Eyebrow_pencil
57964200_583210558844255_5176717802088211653_n.jpg,Eyebrow_pencil
c5db183a2107bd654e10def13fddb00b.jpg,Eyebrow_pencil
c701cc90c9af60d262f7d18a4f6e8929.jpg,Eyebrow_pencil
1cdac831fcf564a58e6459f2e629bc6f.jpg,Eyebrow_pencil
fd4803d30e0496c4a8634fba5e4e73c0.jpg,Eyebrow_pencil
d81789647aabf613894b36f964e2759b.jpg,Eyebrow_pencil
fcf56c6bbba482cc9bfb4adcb2ca6109.jpg,Eyebrow_pencil
56236422_104266427415325_4209451564868649745_n.jpg,Eyebrow_pencil
5f88df5e7ee3bdb233c237c965215771.jpg,Eyebrow_pencil
aee9e8d823e1f2c5a939290d84fc9cac.jpg,Eyebrow_pencil
e55490e5c3aad3e65ddaaf4c772fd914.jpg,Eyebrow_pencil
9078b3951e893aad6a73a3bd6dfe6586.jpg,Eyebrow_pencil
e83288302adfc090f090fd6b756660fb.jpg,Eyebrow_pencil
1ac4765aa7992290bdddb1b019c247bc.jpg,Eyebrow_pencil
60859329_1285876691561464_599909257204437469_n.jpg,Eyebrow_pencil
60586404_302493180663009_3595922090164383008_n.jpg,Eyebrow_pencil
59771887_338414856865564_284776595624016423_n.jpg,Eyebrow_pencil
e72aae879fa1a62c35660faf0012a26e.jpg,Eyebrow_pencil
b82f83edf564e8037e423dde26ec73ee.jpg,Eyebrow_pencil
505ddecf53f677cd844f0f51ad99b0a1.jpg,Eyebrow_pencil
b522b683d5091d34d36502b76feeb7dc.jpg,Nail_Polish
342eed409d41ed23b37ec647a9c82db8.jpg,Nail_Polish
e359d6c6ed993d11d8a60ab1062b131a.jpg,Nail_Polish
9fb255f55b45494e4a47b6f2119e3090.jpg,Nail_Polish
170d80b206282e4978ae2498194244b0.jpg,Nail_Polish
jEi4wQ_r86bJLtoeXxjg_eFLNgU.jpg,Nail_Polish
5d599e8737afc05b834bbaaa6a56b70f.jpg,Nail_Polish
fc40e932fc26ac246b99ceebb635576d.jpg,Nail_Polish
1d95c631c9a5cb94f8c7569fbdf15d6d.jpg,Nail_Polish
ff92c79dfe3b4e83363d95b0c22c45d1.jpg,Nail_Polish
bf6f9f75950bedbcb94314fb8653bd0e.jpg,Nail_Polish
70a678577d94557bfcff950f2631d337.jpg,Nail_Polish
60009588_320660408601079_9148070714028339596_n.jpg,Nail_Polish
1aa3b33ac590308842f94a0f95d49070.jpg,Nail_Polish
ef2e6aff53dab301a65a8b687a1891ce.jpg,Nail_Polish
872f8684854b4c7941b5fc50f55a0e0d.jpg,Nail_Polish
1e28f32348f186dea0e6140838d86a65.jpg,Nail_Polish
556751c77445c6bb8e68afb2ac478d00.jpg,Nail_Polish
hL6vH5vOC6MiYatk-r6qbMPmv7U.jpg,Nail_Polish
2c6d6c4d5b1b97c20efcfac92595b667.jpg,Nail_Polish
a7d47c4fd8c8fb46e94143c76cc0fd3f.jpg,Nail_Polish
de1be036a96d7ec0189a7e57f744514f.jpg,Nail_Polish
2d900ce81da2281c4a311e5007ec9310.jpg,Nail_Polish
0696c8992bd1d30e48f4d1f71c710c49.jpg,Nail_Polish
af0bc25d879ac9a93f64bbaf8cced19a.jpg,Nail_Polish
d590432605fecd7ba5948743294799db.jpg,Nail_Polish
2e5c0cf3f0d90fa3a43a9e19f2c580a3.jpg,Nail_Polish
d7f69a078e83d7e6466279ca3dbd8d2f.jpg,Nail_Polish
703a80e3b4712f8482cd28ad67b04190.jpg,Nail_Polish
974ad6007f6ff0a3837356719dc80d48.jpg,Nail_Polish
ba205ed984906c87b7a4775497b48073.jpg,Nail_Polish
3d1bbf1ca5d6632f1b0414da51dbd39f.jpg,Nail_Polish
8c68a24bb3352b410afe9a45eb735721.jpg,Nail_Polish
a6aa10e5cb37d616630d449fc5dc01fe.jpg,Nail_Polish
4a6b866c3bfc2f53cbc1c162c7fe1dea.jpg,Nail_Polish
88e7f7e0221fa255af62b8dbfe428d32.jpg,Nail_Polish
55643b24ed1ecc271ad775356ed7317f.jpg,Nail_Polish
2479de4e5d13e6ec3d980c96cfd71643.jpg,Nail_Polish
9cc8f5496c15305b117f982269471b73.jpg,Nail_Polish
c499fdcf32b83d304330f6438409317a.jpg,Nail_Polish
ce6267aec79dd01ac46223e162801503.jpg,Nail_Polish
a39d0b3a9cf1d715fabbaf807564d90d.jpg,Nail_Polish
3b407d6f77dc0e408a7fb2680cca4b81.jpg,Nail_Polish
504a168f7a72bfc90da8c9fd3f03dbf0.jpg,Nail_Polish
235c7e795438973f899d9eebfdb5ffa7.jpg,Nail_Polish
f7b0acb29d5c0b4e7f9104d30a1701bd.jpg,Nail_Polish
58737541_775990206135720_2949834313289283313_n.jpg,Nail_Polish
40d20d16d3eb420a5b74ab33613a1dbf.jpg,Nail_Polish
3efa7750e203cd45690d90c7927ed66f.jpg,Nail_Polish
2f1ea4f77c671146964bba40382dd27f.jpg,Nail_Polish
378d01798b2a74aa16d5afadb5dc2ed9.jpg,Nail_Polish
3e2f98e68a32292c1fef349639381d47.jpg,Nail_Polish
771cd1d702d924ed012618858ed0c703.jpg,Nail_Polish
428bae1d1c98d8633c673e045ad9d634.jpg,Nail_Polish
ceb162110d91b7d9289bfa5befe830d2.jpg,Nail_Polish
d165d86b02cca059cdb374a9a7e4729a.jpg,Nail_Polish
dfb75bcaa4f8542fdcdad116619292fc.jpg,Nail_Polish
21f60eae8a9a2ac9a6a7947df063206b.jpg,Nail_Polish
ee771e5257b01afbd9b1c25a16713233.jpg,Nail_Polish
7afc15f4ddb4f66b9977f01da32bc1d9.jpg,Nail_Polish
3203966d7b08a831fa43b8f3cc93c00f.jpg,Nail_Polish
f2be3202e9b5595d6892127709a0f253.jpg,Nail_Polish
a1e1e584462417ea88645f891f919049.jpg,Nail_Polish
6666e1d19a1cc9e5dd0e2d8ac23c376c.jpg,Nail_Polish
aa2f7692cedf4998918f86785bfcac1c.jpg,Nail_Polish
cca81c3e71e7c602f06847687c2f7096.jpg,Nail_Polish
686e069f6ef6934e0ce66ea7f8ae404e.jpg,Nail_Polish
9f62a4f82fed6fcf42c5ca5b29596bad.jpg,Nail_Polish
ec77bd51b4725844a8ec36cdcb267f4b.jpg,Nail_Polish
101437429f622d3a8c3c8842d0882546.jpg,Nail_Polish
acd2e47cd1587a3dbd7b7d084a6ea7b1.jpg,Nail_Polish
aca7d1f869c34ac8e6feb27ea9394dc7.jpg,Nail_Polish
5bd0084c44d737495d639f0a7146a29f.jpg,Nail_Polish
915a515eca2683bc67dea609159118e6.jpg,Nail_Polish
54c33c74d55239caa760e97bf2e1d0ed.jpg,Nail_Polish
54dc25ef09570db316fae4336f8f7de7.jpg,Nail_Polish
2e8b6c5f1df3ada52f5448a8671e40a6.jpg,Nail_Polish
8b50eaf96f81eea04419769c81e6d9dc.jpg,Nail_Polish
50a78f0d74bbac99acfa8238fd9f4240.jpg,Nail_Polish
6bcab7a4a4a24f98eba1b51e8e764c84.jpg,Nail_Polish
e301186539d84934e5f59c2335aa0781.jpg,Nail_Polish
251fcee80f3ac42b95a7e772a3945006.jpg,Nail_Polish
6f307e2d0bd667a27aaab2d2ba6226d6.jpg,Nail_Polish
381bfcf08aa9c8aae624f6d260470779.jpg,Nail_Polish
b099859675d02e19c7b6962dac533d9c.jpg,Nail_Polish
45d512d68f26c85d4b19dd7979a0b0de.jpg,Nail_Polish
3f907c24e9d7c8f58d324de000a2683c.jpg,Nail_Polish
979091b978f7bba48c6131b032443f3c.jpg,Nail_Polish
e2584e23d46c4529350e667f4817bc3c.jpg,Nail_Polish
0bbdf760382b627fb538bda9d9bfd5f3.jpg,Nail_Polish
17f65a183fbf9b4952325ec10003c175.jpg,Nail_Polish
986603d40d52490240b0723bcd96b498.jpg,Nail_Polish
c4b4868ad50dd680a3d4d5148511ab00.jpg,Nail_Polish
abaaaa4248a071ecb67d22847eae5ed5.jpg,Nail_Polish
86a56ef30e7924b5c21dd9320fc485e0.jpg,Nail_Polish
7f574293a1813ac0e879fe640a28b6b8.jpg,Nail_Polish
f853351575f62f4396da1dd82396dd13.jpg,Nail_Polish
26ee443a6a68ca2beb26af75227d8353.jpg,Nail_Polish
5279ba8132092359b74b671d9e9d025c.jpg,Nail_Polish
59211600_375653076491319_2474748903440649501_n.jpg,Nail_Polish
aa43453b20fe0db0096fc3690a719819.jpg,Nail_Polish
1af662f5a75e4f093d02f6d6c953b16c.jpg,Nail_Polish
006e99442c9f0a1296ac93d995b0ae22.jpg,Nail_Polish
de89878f3323a26e3ab18ac695be51ba.jpg,Nail_Polish
3b681798a750c300f738ec608b496cfb.jpg,Nail_Polish
700054e7e07ccb216f2be58289754434.jpg,Nail_Polish
77a37f33945e7588f0ff6f2c33031d2f.jpg,Nail_Polish
5cc641f88c23301c0b59787f617feb74.jpg,Nail_Polish
d1712e36d6c91b0710a0fe023caa994e.jpg,Nail_Polish
24388df611f587b9c52c3db5188c60fd.jpg,Nail_Polish
be29831fe8c94eb93b70f47ae5c02471.jpg,Nail_Polish
62f52732d72281d254d7dd8098f7d48c.jpg,Nail_Polish
ee0a6a1fe82d93c9cac3c58c432bc8c6.jpg,Nail_Polish
SIMiG0aRtsw3GX3mqEL9dycQhOY.jpg,Nail_Polish
1McCaAHxMmm7vyR94iL_F-lttQc.jpg,Nail_Polish
21e7fa3c6040c4c9136e0c3ef5ddb1c9.jpg,Nail_Polish
d799308f77e1b04f219d7f61a1741214.jpg,Nail_Polish
b99673e61ded6cf719e3a6dfb7450f81.jpg,Nail_Polish
ac25909110986e8354c5d83b874a3d45.jpg,Nail_Polish
4a6bcc2a2410415bd9ea2718da5bfb34.jpg,Nail_Polish
cf38bed73d7aa68831111970977d5f9e.jpg,Nail_Polish
ef398aba7a8fcd25695719bf58be0cb4.jpg,Nail_Polish
ba0b48a55bf75d0b8985669e42129726.jpg,Nail_Polish
WXbNz3AO2zAWoFW_agoEOl6nqoA.jpg,Nail_Polish
f3650c0d33576a40bced2151caf07044.jpg,Nail_Polish
42361995d8d2df49d48457e414b72b63.jpg,Nail_Polish
1b6148294a86ddc71bbf43901c571557.jpg,Nail_Polish
c008001463c891a51fdcd3356caee514.jpg,Nail_Polish
49b6a24a07f86fe9d45262364684b851.jpg,Nail_Polish
0aa3b903bb91ecc63a81898c60fb0170.jpg,Nail_Polish
65ec630be3461abab704d29ce572bd0f.jpg,Nail_Polish
cd4192d0ff0e5aa17dc7d38e7ec85125.jpg,Nail_Polish
f8359aae48ffde5500d91518a0e805d0.jpg,Nail_Polish
f5c6fb2fa42343ed7677a1c50d678983.jpg,Nail_Polish
59022990_206334140355613_577176661037793394_n.jpg,Nail_Polish
ac12389813af1759213759ba5311163c.jpg,Nail_Polish
bce9050c88c613df7a1a92895e76f0f9.jpg,Nail_Polish
15d842c14eb534016705c79dc956e566.jpg,Nail_Polish
e383cd7d7f48386183111a9a57aa0459.jpg,Nail_Polish
92672b406016fa4f79a0f829bfb502c4.jpg,Nail_Polish
2273337c3d843a2e7e8ca18dda0a4508.jpg,Nail_Polish
f262fe304de72f9ce7d4a3f38b0a44ac.jpg,Nail_Polish
18964fde5db5bc59da93b2eec813995f.jpg,Nail_Polish
5aabf2172d6cb6c51e70773923056ee4.jpg,Nail_Polish
a2dc1602df4f04c1b4cdb0b176ca72b9.jpg,Nail_Polish
2d013ebcb33e724b7cc481f791554522.jpg,Nail_Polish
59614001_482902339116618_4447061226383070438_n.jpg,Nail_Polish
401eb0d163cb8902b3203cd2858e0b5e.jpg,Nail_Polish
cd5550a7378c28ac8d4688b1de8ffe0c.jpg,Nail_Polish
7de27abcd0d6b5395f7cb944e3189a9b.jpg,Nail_Polish
60244000_835488793503781_1330661781799204448_n.jpg,Nail_Polish
94a006c3e801fabdc45631f9fd42fd9c.jpg,Nail_Polish
0e91ed65d30d0aaf0b682ebba90e50f3.jpg,Nail_Polish
f63182e40c083fb41de46502eaeca769.jpg,Nail_Polish
bb8acda481acf03b03c13b1662997533.jpg,Nail_Polish
fe3e35f9839b8aed7edf1bb55e3c15fc.jpg,Nail_Polish
dd5261f03ce343a22bc8aa896f4cb6fd.jpg,Nail_Polish
bd607ff8a202dc0547240d1c4dee6414.jpg,Nail_Polish
9b507d5fd5225e851216dbb75b3d107d.jpg,Nail_Polish
ccea6b4291f056350b16218165821329.jpg,Nail_Polish
56ce39c4553daeae811184326d69e202.jpg,Nail_Polish
8d96c7395d7874c163aa8625671ce974.jpg,Nail_Polish
09a9e6158d0593d2be16a40361b44f10.jpg,Nail_Polish
756b980418e4532f13b08927c35178cb.jpg,Nail_Polish
3308860d59b27d32fa9d12256841306f.jpg,Nail_Polish
JR420vx0dlf9MK3bcrN8xcvA2D4.jpg,Nail_Polish
4487cb6bd9f1830360a7347cdb92d838.jpg,Nail_Polish
c29312642091832f1098c1c2182bfc0b.jpg,Nail_Polish
399d3f8a41c0c0b05e3db02795a850ae.jpg,Nail_Polish
9db6c9193b9f0d804004ac7c2ff2cad8.jpg,Nail_Polish
f35a81d0779524c2de4299df7ea0f2fa.jpg,Nail_Polish
3215b674974e672c2f3a852da46afae8.jpg,Nail_Polish
2ad1da86e1c2fe95c0d5b0ac8f0a7aed.jpg,Nail_Polish
9fbb9d0afb6d411bbea3fe87a31f441b.jpg,Nail_Polish
55710e4adb668c3efefcea48f9210c3c.jpg,Nail_Polish
2a3a721d0bda8cb8368c9e7faa0bac71.jpg,Nail_Polish
e8286e6d66d683beffeeb4d48068fa45.jpg,Nail_Polish
d7ad596537340d9643a26840c93e06fd.jpg,Nail_Polish
fc025e3ec48910e86cfdcbe27be3276e.jpg,Nail_Polish
0745796d44bbbcbe277d67ad1f8b17d1.jpg,Nail_Polish
d74355f5fccf8909ec9b40791bcc9830.jpg,Nail_Polish
eee6a8fe9a538e61cac33a84eddfded5.jpg,Nail_Polish
121085105e50dfee79cfb0b6cff2ac1d.jpg,Nail_Polish
75244b1ad02b9d72d01f794daaf0e325.jpg,Nail_Polish
68f2292a9cdb5b343a78a48191ee9941.jpg,Nail_Polish
85d4d52d392670d4035d5054eea6bffb.jpg,Nail_Polish
a74fb5fdc67ccba259fc9d194b700b71.jpg,Nail_Polish
b6a36759df1b0753e5059285fdd0d121.jpg,Nail_Polish
ec23da757bc8b5b85519c53e4a9b0d19.jpg,Nail_Polish
f6c00126b63bfe8fc3b717952bff1bc2.jpg,Nail_Polish
8d4118179e8b912cb197aeaf8fe74aa3.jpg,Nail_Polish
d19ad77622ffeadaba2cf32d6b46ada8.jpg,Nail_Polish
bf9e6503de4fd00328368e90268beb87.jpg,Nail_Polish
205363217045f35e80b4541db21eecab.jpg,Nail_Polish
30aa0ae37a775820d1ced832954781a2.jpg,Nail_Polish
d1378d277583cebe749f7a264e520512.jpg,Nail_Polish
f1a0cb840c68623a2d023e7f05804e7a.jpg,Nail_Polish
b9c96535338ed985c6d0b79c07c00e27.jpg,Nail_Polish
89d1fd64ab12f8079f560553bdd3448f.jpg,Nail_Polish
fe931b0ad19a509872bf046717d59fd8.jpg,Nail_Polish
105a9c774f0e4ab82c27d6442451d518.jpg,Nail_Polish
82d582dc96090cec8484748ca9c3d373.jpg,Nail_Polish
8f632212cd0b00b16ecdbb2207e28a79.jpg,Nail_Polish
d38291b49ee7b7cadf3b547d09562265.jpg,Nail_Polish
58454069_143155383483011_7133397039352205738_n.jpg,Nail_Polish
6d2713eca60dc79f8aa76edd43a1dab8.jpg,Nail_Polish
8f34b3ffa9252045d6e4e948e11ce405.jpg,Nail_Polish
f00d724ac0e67cda36365e9d219de051.jpg,Nail_Polish
a99c9cdcf545e5d0dde824e0ad9f7623.jpg,Nail_Polish
2c1d3f8f87fb163d7908fe829815a7b5.jpg,Nail_Polish
439813640ffb6d1b7f7619898bb7015d.jpg,Nail_Polish
32e5b03cf91f485e7e306be5d275635e.jpg,Nail_Polish
8f7c4da6be671587a9608f78c966e419.jpg,Nail_Polish
b7cce1fc1aba5f324664e2cb064a406c.jpg,Nail_Polish
75c19921d5d65f6aceb05af3d9c98d13.jpg,Nail_Polish
f717247f0d2cb9c882b50e0858be50b8.jpg,Nail_Polish
088aaa7245306519fb8b4fd33ef4a318.jpg,Nail_Polish
5f4b19d871adfbecd442ecd26d3336ae.jpg,Nail_Polish
382c6529d765c0cec9754257d8a80798.jpg,Nail_Polish
36e493efe2aa56d1b9f721e47e866459.jpg,Nail_Polish
f245150661cc32d299909b0772f780f8.jpg,Nail_Polish
8kQcjhxVMn8oJHsUH3ectncA9Tc.jpg,Nail_Polish
3ebad0a676054305aacfcf0fa9fb26c5.jpg,Nail_Polish
05907fcfcc55ce5135bf0e6ba300197f.jpg,Nail_Polish
6cffc781661530004a0a5c79e284a257.jpg,Nail_Polish
ed6021aea480b21185ad8016f99a4fc3.jpg,Nail_Polish
d612b6fa30352f96d144ff21eb3e6b5f.jpg,Nail_Polish
743ae78a85872144208bfd598a68de3b.jpg,Nail_Polish
507967fc5d81875ddfe35d98a7fa2837.jpg,Nail_Polish
40f7c73541c78f112a38d02a84b3edd3.jpg,Nail_Polish
28b76c6d369cdfdf828b6aa2c7086d4e.jpg,Nail_Polish
3aaa69eca102d3d042800a6b9fa0926c.jpg,Nail_Polish
5f384b489b41fc7a2c931de97cc93cef.jpg,Nail_Polish
1737e5b4ab8b4825189d77075fc3420a.jpg,Nail_Polish
37f8fbcbe4eb76cd76f026354f8e6915.jpg,Nail_Polish
2ed42009f4bdc3224667ee1830a1002b.jpg,Nail_Polish
3aed24e994be70fc1335eaa4158b9302.jpg,Nail_Polish
5dcd01752185beea28c0d2ac31eedd73.jpg,Nail_Polish
6377f0ad070cf30cbdcf2206763df0fe.jpg,Nail_Polish
e50016184f2d0906b8c4c3211577469f.jpg,Nail_Polish
60100407_436233503621466_8513780892092127000_n.jpg,Nail_Polish
9b654f3b00e4fb14e9e2034e174ba8d5.jpg,Nail_Polish
3f452e0ac0939b20ad2f951c2f570b33.jpg,Nail_Polish
92c6f48b193de30cd66a60a07e2d92ef.jpg,Nail_Polish
eb18b9a288f70cd9b2f50bf11da49187.jpg,Nail_Polish
fe0f2b0c57d5ee05396df8666bf5473a.jpg,Nail_Polish
d731e7a9bfd3c7ca452b718a082b41c8.jpg,Nail_Polish
c55c3bce5f951e3e3b6e7efe9c650a49.jpg,Nail_Polish
59430532_431374114344908_8683616992007828774_n.jpg,Nail_Polish
de0d95904451b800647546a3cc750157.jpg,Nail_Polish
3c50bba5f3787e73ee13e5e0ae7d0745.jpg,Nail_Polish
0d05547056b29670a254ab3ec5b97508.jpg,Nail_Polish
zTjOKXinCjO7nHH9rR-daqGXZu0.jpg,Nail_Polish
c06ba13a633d404b91ba70b8c81018ab.jpg,Nail_Polish
59786092_836229243401942_4964220646867030569_n.jpg,Nail_Polish
4aaef2d9edf9944fb38e59565d27ae6d.jpg,Nail_Polish
a0507270253b6340ae34b8e7c808209a.jpg,Nail_Polish
9e6d809845c7aea4d163f69292825ad2.jpg,Nail_Polish
3841538459eeef2be1acfe4522deae07.jpg,Nail_Polish
690e1a30b8a2a5c581c15685c05bee6b.jpg,Nail_Polish
58698714_451598715647769_4644146860132556269_n.jpg,Nail_Polish
5f236aab0ff47d9575a479e278195420.jpg,Nail_Polish
q-NNECIwYNjL5bMP2BFwovnk0j0.jpg,Nail_Polish
326e636e311050dcbb680a015f4a727e.jpg,Nail_Polish
d2e0a3ea6e933d199b484c72dbadbead.jpg,Nail_Polish
d8f2d900e4f792b69773b720eb91b3cf.jpg,Nail_Polish
eefff59de09638d574fb0ad4b86982f0.jpg,Nail_Polish
58870398_202018450775783_146686655917419915_n.jpg,Nail_Polish
a76c5fcaca85fd0dacba1fd215d97069.jpg,Nail_Polish
0941bca9df0805c94931630bd394913f.jpg,Nail_Polish
018cb5c5ede7ce066b6e8d7f922b4980.jpg,Nail_Polish
16cc0a46b2f250dc5bbdd91c3601efd7.jpg,Nail_Polish
6fc7b8a04ecaee130e423d5979b56f2f.jpg,Nail_Polish
91210e4fe24f45aa32e36202fba6e3aa.jpg,Nail_Polish
95f70af8ff482e61dcea28dbafefb6cc.jpg,Nail_Polish
59337495_163215984699671_6479706445603291407_n.jpg,Foundation
0f61438e768abf325230f56cd1cb4fec.jpg,Foundation
fcf5e495e38d595e6bac90ec2f865d62.jpg,Foundation
59636832_132234761289467_5653428220179898856_n.jpg,Foundation
52893375_393502644782553_2928754232505305155_n.jpg,Foundation
78e55ad0a639692f95c4bf9ebff8ecde.jpg,Foundation
a3befae04fdf54af1fea0fd98aa2d2bf.jpg,Foundation
e7099b3f8b82a34eca073ca2bdd0f802.jpg,Foundation
91b8137b090bb6783eb6cca23884b91b.jpg,Foundation
6ca38d7191615a2fc6afddae82a4d713.jpg,Foundation
e27f98e34367848af8d4b7001e9fb5b8.jpg,Foundation
58468815_2101675210129553_437770071568832427_n.jpg,Foundation
c702467fba15511ea1451080d50af2cd.jpg,Foundation
download (4).jpeg,Foundation
56927508_179524133055168_38932568287908357_n.jpg,Foundation
2e3bdb9e33d233943cff2de36e943f6a.jpg,Foundation
89d88ce9e8eec287c9d07ad9766ff3fa.jpg,Foundation
3f16dc5bb8ef280d519160cd41274465.jpg,Foundation
59423325_134835114255962_3794588824108355975_n.jpg,Foundation
58629983_128957031622639_7825346643142638564_n.jpg,Foundation
a0925310889d22ca05a00da0ea55311b.jpg,Foundation
3f11ca4a0fff98c27892201634cf3416.jpg,Foundation
73310d1228a41fd0db3202ea3fc71e43.jpg,Foundation
31b4097cb18c932ce74d5c4386b9fe09.jpg,Foundation
ddefd66b69d175493dc5bebbedf880a0.jpg,Foundation
30abcdf231236ad31ae4394e141ae471.jpg,Foundation
8855190c1d8ee404a90684757496fc5f.jpg,Foundation
c578235c4bad9c7a01cb363c3e89fe19.jpg,Foundation
58423789_1972963496161471_6689999161893368017_n.jpg,Foundation
57325333_513342995868034_4041214423587001334_n.jpg,Foundation
746551a7b8a2e04676b4bc5355103b07.jpg,Foundation
ad2e06868ad5ca7d4d324023fedcd795.jpg,Foundation
fd40f10f5c98755a90920dd759dddc0b.jpg,Foundation
images (2).jpeg,Foundation
904b96ae30152fa259515701996eb512.jpg,Foundation
download (6).jpeg,Foundation
download (9).jpeg,Foundation
59865760_1137708673097813_5750480184122131494_n.jpg,Foundation
3f03f34525927dcef73032f7fdfbea31.jpg,Foundation
6c7968dc086435d14edf240e55b09989.jpg,Foundation
download (3).jpeg,Foundation
download (5).jpeg,Foundation
1ca4309ca36944de1f5b838c02c9f0cd.jpg,Foundation
58968154_393487521379131_3692293728678778203_n.jpg,Foundation
5280a9ff466bb4e7f508e286cbd043b7.jpg,Foundation
921304d98d994f21cc625283d10c3bda.jpg,Foundation
58410139_393882937864493_8833262131486737415_n.jpg,Foundation
3df555b9f18cca57dcbd5478451b5389.jpg,Foundation
5be92020c4528688786c4489f92b9dfd.jpg,Foundation
58986773_143130060150200_2151596577357927242_n.jpg,Foundation
58633282_283198289232404_7395764405348879615_n.jpg,Foundation
61331673f7719edb5cf4270a7fbe64b8.jpg,Foundation
61cb30451abe4b7fcef55239506f0d82.jpg,Foundation
54446466_582360322232529_6716922628289871591_n.jpg,Foundation
bdeb5eadf5ab8dbd244d0952d0220539.jpg,Foundation
2ad6c135e4eb0c97c8667195e3253b5f.jpg,Foundation
bd6ab39f2c3f2f1d6593f08275e5c41b.jpg,Foundation
cbe74b4ffad1d820f10fd816cee2903b.jpg,Foundation
5dbab61b6e913ef425175d17cecb2e95.jpg,Foundation
4250cd4bb252b340c60fcb1ad4f14bed.jpg,Foundation
f74ffd61827afbe89e4a3f4f4e9fce9c.jpg,Foundation
6763f7fb557945bbdc970bd9641c77e1.jpg,Foundation
f40e1290df4de7f51e9028fc1b672ac8.jpg,Foundation
5f2a2f41d3ef085ab14c5b46d3e49612.jpg,Foundation
59828809_334403793939764_603174670002656818_n.jpg,Foundation
bd57ade8a4f3bb8ef7af0922dc1f154d.jpg,Foundation
331c82d8536c3cd4ce3bc26634af5bf4.jpg,Foundation
31fe326e65ea2cbfa527c1600b5d3ddb.jpg,Foundation
2f1549b7d8ffae296322c1ddbd7774f0.jpg,Foundation
10461fdb63016b44896e2f076317a8a1.jpg,Foundation
e3a071fd803fc1e16dfc092132317d53.jpg,Foundation
cc91f264c0904c802925c9e3f4165520.jpg,Foundation
d9bbecc922303b310454111ab7876397.jpg,Foundation
f0f9b66c5abf80a2ac4ae48808a4096d.jpg,Foundation
54234049_251652045788636_2539463959758684807_n.jpg,Foundation
57446589_2172596316109454_113669887158980945_n.jpg,Foundation
60306947_376449829638017_7193943650024571833_n.jpg,Foundation
62b10fb596d001604f1d5dfbf4a7b33c.jpg,Foundation
0c1ae4d29761dbce1ccdd52d17edd3d4.jpg,Foundation
download (7).jpeg,Foundation
b5da07bec428cc77d47981076b90267d.jpg,Foundation
a77a287ca277eb4d2bf161c1103c69e7.jpg,Foundation
75e3c91090788c9756b3290a67a2027b.jpg,Foundation
22c33141aed402f36638161e74254a0b.jpg,Foundation
58453778_336584010394506_3595488280323397839_n.jpg,Foundation
57291231_186176032364637_3851802586445837002_n.jpg,Foundation
f34256b1ba770af65030ad74e22373d8.jpg,Foundation
fb68d582cec30add72b4c958f597578e.jpg,Foundation
2cf0ada228a0cde5d9839d809fcea435.jpg,Foundation
88e215273c812da7ed7f61a13dc0101b.jpg,Foundation
417319183008c7fe2c26671351d400b1.jpg,Foundation
59492516_829170250794960_7923044023049454262_n.jpg,Foundation
4f44bc6f283927b2d5a26705db091690.jpg,Foundation
7f05266754684a0efa2f631a4cfad61b.jpg,Foundation
59831843_138517263888451_3898668904335597193_n.jpg,Foundation
1f5613436440bf4ba62b093fe3f4c5a3.jpg,Foundation
aefba4a691c0bd6ac70b547bce0817e3.jpg,Foundation
41480ada64768228bf401e38bc04fdb4.jpg,Foundation
4c162725631f9637381a1f6c0de27dec.jpg,Foundation
59335076_461686781272361_6325127227158311232_n.jpg,Foundation
02894b182f8d6bf4203a74c00f75c514.jpg,Foundation
58708200_335885823739993_8753306939476102029_n.jpg,Foundation
719692a121314d42aaf0285250c64df4.jpg,Foundation
72729032aed54b0cdf1ec0a359912ffe.jpg,Foundation
download (8).jpeg,Foundation
5aa89d0500788eff311cc44d73eabeb9.jpg,Foundation
e710eb5530e8dd49ec1d9743f94dc5f3.jpg,Foundation
e713cd11e2a28a7f6603df0b6434f08e.jpg,Foundation
63d0354dbe9c9b85bfa670380951d3bb.jpg,Foundation
9ff3332606f9a4c9f7f0b71cef45399d.jpg,Foundation
39d4b7d0f462d3f5a83bcbbc9323196a.jpg,Foundation
58842634_2889536304604052_6425024301649869175_n.jpg,Foundation
86a01a3bd4cc320c1273c103418d5ee0.jpg,Foundation
48d3b7718a0983839f40e61191a109ac.jpg,Foundation
c2d918388bc218b65fef828b15a77ae0.jpg,Foundation
c0ac3bb35f671e5c32cbeb01370b2ec3.jpg,Foundation
0fd8993b3ad672c1ee0302b221ceef0b.jpg,Foundation
4dd5c197d8bded14227fe7577d65e3bb.jpg,Foundation
1ac67fd588a9fbc54e86c2d88b809530.jpg,Foundation
4df873c8306e1b75cb438f54e3323cd8.jpg,Foundation
6e194a2c036f780ffe4df21afe980219.jpg,Foundation
5e62b950a8518b67ba7b1113c1ed733a.jpg,Foundation
183a2fca32f959d1a942240746d4263c.jpg,Foundation
badaf6579e32af8d42c1073d4309b608.jpg,Foundation
877c807e80174189ca277e255a68a3c5.jpg,Foundation
589649334aae1b48992d410fca3cbd3e.jpg,Foundation
3385de3a706752badf353f065e52bc84.jpg,Foundation
59313177_1181861908641544_4052825019257808821_n.jpg,Foundation
36edeab959c67386b17b00bc361aca70.jpg,Foundation
j6Fi3lB3fQq7gtx6Pj0FwSm2gGI.jpg,Lipstick
6ea47e73bffaaefa60e2fedd99866095.jpg,Lipstick
a3c6c3827aebd1061453525eb699e084.jpg,Lipstick
tEot9g_UIOFMstGVjHJaNnGM6-g.jpg,Lipstick
58454172_436642180236146_1331995491107530393_n.jpg,Lipstick
uIyLKdqIwnt_JiqvEVRfv5dJUJ4.jpg,Lipstick
012d06a2818cfcf1c0f7c50647b39b8b.jpg,Lipstick
58453731_362812694352975_1364474157262589501_n.jpg,Lipstick
f2e1694a7dc2a75a4c6972125b22e558.jpg,Lipstick
57ec98d445feb694890535027fcd675b.jpg,Lipstick
b89ebb330e32a9ee765717d1b61ee43b.jpg,Lipstick
aa713b6ecbe56ee8bfce97ccb25c7bde.jpg,Lipstick
6ce420e1e746d8b6d955bf1fa36cfc00.jpg,Lipstick
LnDOAMkLTH8_4FBfkoLwpPxjXqE.jpg,Lipstick
WZnqxxJXEBL2XFzY6N9TJnOsZAU.jpg,Lipstick
153efbc4a937d8033403d09d41538af8.jpg,Lipstick
bF3FuBFN_5xdcfkdbW2NP_V4uzE.jpg,Lipstick
bfda2ac65792c4cc1fc03be1fedfcfa5.jpg,Lipstick
5e53e64e66eb415442628e5a80c3d071.jpg,Lipstick
13dd746a362710078ae96642bd152922.jpg,Lipstick
ed73f8591a5d6e36a7eb11ecb9a15ca7.jpg,Lipstick
58454020_142041146938769_5384960852812112861_n.jpg,Lipstick
BbhXP9W-4KIut6vS85rrYa3HEZY.jpg,Lipstick
7807c74bc0d01fc3256e182ef813b5f2.jpg,Lipstick
TPEAHwk5028-ootKgABvHr4cU6E.jpg,Lipstick
m5nGHx6G_6ueMQZcUs_PZBCpi2s.jpg,Lipstick
59948637_2296980670323301_5083525981373053589_n.jpg,Lipstick
ad61c28c8f34602d5fad7713996b9f4d.jpg,Lipstick
d258326ab0a27e2572a10f55bbe4fdd6.jpg,Lipstick
a6e67ef2ad24a1a68ffbd6029071677d.jpg,Lipstick
cca39193bb5a825531ca99ed52a295e8.jpg,Lipstick
32c16a29ba929f22b54d495f237c1cb3.jpg,Lipstick
Yx59esbMNUTD4_-Aso3EbAAn_ro.jpg,Lipstick
de98e5c1af812b1fffb05908077725d5.jpg,Lipstick
oLkLb2oKTGl1Q1tTUyHa0JtWV8g.jpg,Lipstick
60248402_335425503786293_2385669990038243892_n.jpg,Lipstick
60111456_290210575241133_6873289224853209176_n.jpg,Lipstick
18d80d507aa8688dedde7e1e6e714299.jpg,Lipstick
1ecece707107968d4c801c7936637365.jpg,Lipstick
f1b3e3e4292c60434107bd041f4c6381.jpg,Lipstick
6baa2e7e22f88fa23397eca0974881b4.jpg,Lipstick
01bf77e29ed5ba33556578a82254b6b4.jpg,Lipstick
n2bhVd8KzgI04SM0qTb5-ymGuRE.jpg,Lipstick
0f3bc45a132eff879e37cc73ddca990f.jpg,Lipstick
29959f46d6e43ebeb5a704631b705e2a.jpg,Lipstick
5dae235b1faee95c15c49ef5af2d8370.jpg,Lipstick
20ce5ba1ca8210d2e6a57a5a683bbe8e.jpg,Lipstick
a1aa00d3d09577a9c9c494f567986fe1.jpg,Lipstick
58631100_2387237164655066_1665654360466552459_n.jpg,Lipstick
4275298e5bdaca629addc1a397c8c8b4.jpg,Lipstick
59789710_743476832714223_2442549427432255361_n.jpg,Lipstick
60223801_2287886738140719_649063057945017391_n.jpg,Lipstick
If0KVnqLa6eCQTWqO9YvwOtrjCc.jpg,Lipstick
1280d126a71d5d8b28f726991ea10038.jpg,Lipstick
4301cff1a6a80b877247137207e09c75.jpg,Lipstick
2bf4b54ff9144b68a836d7bb3d7a0584.jpg,Lipstick
59567782_142095883583824_6178980747815375561_n.jpg,Lipstick
LKfEy3NeSaFqAvrb73t3brUcms8.jpg,Lipstick
f613ec8ba08efc94ba12bfe00c948569.jpg,Lipstick
8722b831d21f2eb7aec583db69c2ed56.jpg,Lipstick
e5b9e989c97513edc70f3a6a9f23d7e1.jpg,Lipstick
P1JDBlh3CrfRZpP1QU2k2gskM1Q.jpg,Lipstick
ymP-qqFeh2lHyDEs2C7ACWD05hs.jpg,Lipstick
ojr93yHaZUZY-65Lps4vHab3vSc.jpg,Lipstick
JKPB52oVqOiqED-txKYLUZsXf58.jpg,Lipstick
2aeef50b55a384818688d0f56b1f69e7.jpg,Lipstick
7d97978b6e033160ef101b88841c06df.jpg,Lipstick
59739314_218099642481564_348255878916703008_n.jpg,Lipstick
834Uos22oWYSMBQbqOqsYWr0Ij8.jpg,Lipstick
4da19298e5ddc9111fc5f20be69ff83b.jpg,Lipstick
f9935f7d380f2b3a0fa8e1d24fbedc78.jpg,Lipstick
5a18639562fe388acb52568593f48879.jpg,Lipstick
a755f7e6f0670d7b4a11cbb5d2a1d4e3.jpg,Lipstick
58818525_2455065931388160_7531109262801887714_n.jpg,Lipstick
289a5ac68617c609e2be15f8627e9e4b.jpg,Lipstick
3zZBw3deOR3puLuxufWolnh4kpE.jpg,Lipstick
bbc93d354b291e9e648971f5ebe579e1.jpg,Lipstick
PQr9GAxE1IS0tmjQ6DPOypNsXY0.jpg,Lipstick
57462998_798056483899709_4174862688529553211_n.jpg,Lipstick
dda9da944ca84a22fdead8116c7b207b.jpg,Lipstick
a2779bce0f352ad2dd310c37a3345742.jpg,Lipstick
9116aa63e4d484b172dbfec3fec86ae0.jpg,Lipstick
60728470_2193519154071823_1903008227129496086_n.jpg,Lipstick
cd614a8b8465705cce0d7a50ea2ca504.jpg,Lipstick
689a4702f131c67e18f909b768b78eb1.jpg,Lipstick
0c15a2a5dc18a3efb5fd7d24f2466470.jpg,Lipstick
4c0641a14f27ed36359520d3502d0af3.jpg,Lipstick
68bf79ae05fff995d760188a02e98b75.jpg,Lipstick
41c8a1aa10e3627941ee839ca900ab83.jpg,Lipstick
b13d1d113836ec90af420f84c09bbed3.jpg,Lipstick
58733180_355692801737483_4022221237876448039_n.jpg,Lipstick
70e3c258cc5b26fb96ee23358a11df02.jpg,Lipstick
0BxDzZ3UlR6RLcHYYOq4T2OFqwo.jpg,Lipstick
59389045_1228077460698812_5506828574533565810_n.jpg,Lipstick
lsND0f2UaFQLC_b8hBAvBIrnur4.jpg,Lipstick
d8a392f40bbf6e3c96b323a0abdf32ad.jpg,Lipstick
99f56b0ce8b42505473fd8bc628dae50.jpg,Lipstick
ded4fa814cd1dcba682615e26429110e.jpg,Lipstick
59244164_2161819543855864_1864375557708715607_n.jpg,Lipstick
99427282668a6a9c661d27e617675100.jpg,Lipstick
257b89a1108575e973b91f7ec39e77c1.jpg,Lipstick
ENrs9N9SOAwe0NKFe3OC8OPaMgc.jpg,Lipstick
1b0f54734501c818d5e5a683325e4376.jpg,Lipstick
6af7c8c000281aa093a842c3ba19425a.jpg,Lipstick
mPgjYUjTwwy60OWHp0iaAsOEGEM.jpg,Lipstick
0972e664314dc5f1daec13ca918a78c5.jpg,Lipstick
0f9c486b6cc1bc6535225981912e4585.jpg,Lipstick
1cJOzzgpHvRVpfc3Kx13opV4UQc.jpg,Lipstick
48ef489d5ad295f1d9b8628c2095dd25.jpg,Lipstick
ffacf74aeebd7059655faf0a96f37e64.jpg,Lipstick
e26048eea349e9bf857c86dc1426e772.jpg,Lipstick
zX-p6kEgVmd6448kt5kQQRPsOnE.jpg,Lipstick
45a4526819dd031293decad0ffe35b9b.jpg,Lipstick
1e4e2b07fb5713ee4f20c9435fce6c70.jpg,Lipstick
4_jQvHmb6E1welnPw7Bgx7m_S8s.jpg,Lipstick
95db1950c816fa616ad2ce9c34922cc3.jpg,Lipstick
8a7b9505cc1458e6a3ad5fd9b564e171.jpg,Lipstick
F6kTjFq5_dKRe5kyixhM8Ro_Tzo.jpg,Lipstick
aUgNvb43Nbs5XMc9GomeZUGRjoc.jpg,Lipstick
5j-mtxG01jTcOKi0WxaQ4uwwmUo.jpg,Lipstick
60247625_132656607828861_1136184388069562090_n.jpg,Lipstick
a2fbc7f9cb89033951a9362baad7ba74.jpg,Lipstick
DjuTpegD8y83lZcElIOPkuVEFFg.jpg,Lipstick
pf6ZPq1HGUs6Xrh3ce95vPxwXPA.jpg,Lipstick
4176af7979e3d91736f7d989a5811885.jpg,Lipstick
e98109936a9e20ec62cde8ddf0506c14.jpg,Lipstick
59244187_133240444447654_4163049952745303439_n.jpg,Lipstick
41928d51ef970d5cad3c8f1255ce0301.jpg,Lipstick
19450225bf3dbf7ccc137be435659f66.jpg,Lipstick
4cfdebde3437e8f1713ed30570527e0f.jpg,Lipstick
bc234ee5b3436a44d901cb98606bb1e1.jpg,Lipstick
FNqiIwFmhEZisioet_IZ04bHekY.jpg,Lipstick
60109443_639712686490376_5404536123848670528_n.jpg,Lipstick
P0P5RQVbb3mCCb684Jc22t_3M1s.jpg,Lipstick
dBA_IflJs7TDeucb_XWKPJ3D1Xo.jpg,Lipstick
a143a9837ee4fc3fdec6c7c3337d153c.jpg,Lipstick
85016b18c7572a1c15497b561d6bb6cc.jpg,Lipstick
f985dae633598e1496def409ea7f8b0d.jpg,Lipstick
58950164_661452084317056_3920468783703995251_n.jpg,Lipstick
fe5584087b3a85e86b05841ce318dfcb.jpg,Lipstick
59790911_124415398751880_2768723250060304786_n.jpg,Lipstick
60321000_565654270625561_8540554011133723786_n.jpg,Lipstick
xeHHet2I82i2nJvTLLSqVw2gESU.jpg,Lipstick
dc3a8c5635027c984c80fccb2539cf48.jpg,Lipstick
dk_HUU6Z-1-h-Cu4AcL35jwGkQ8.jpg,Lipstick
-FK0wRGzJZ5NirgLw0CbvUf-7Og.jpg,Lipstick
d250c84d08a5b6593c8423485d44ba2b.jpg,Lipstick
R2Y7DCdZVMqr3SP7tdtpR1h1D-0.jpg,Lipstick
eff2f98f04299b78d4e0fd0897d80fc5.jpg,Lipstick
5e8b5ca3a8899e584e4d24ede636b173.jpg,Lipstick
59843407_432201334258401_9118137507143556173_n.jpg,Lipstick
74e6b29c6296112c149850067802f2ae.jpg,Lipstick
3afb2333afba3536c6206829385007ed.jpg,Lipstick
M8BvtsHk63RhnBrflE89NPgAqQs.jpg,Lipstick
a3c22879aba0afa4b6d9ac45c6190c4a.jpg,Lipstick
b81004f31964058ce95640d06e6a26af.jpg,Lipstick
8ab76e6720b96bd4a822405fa2d146ee.jpg,Lipstick
eB914SqHCVJ1W-qZ6ienxEu2Em4.jpg,Lipstick
pDT0QwM2vULkV-9aCWkKPRu-UAI.jpg,Lipstick
60139286_628944427581661_9157499073968775930_n.jpg,Lipstick
59645591_187695265550735_6512797592574124251_n.jpg,Lipstick
04dd7a677328f4b93bba5a0d09e78f93.jpg,Lipstick
jX-vZXcY3sg6qkiPz6U8bW0l7mE.jpg,Lipstick
2622de88b29009de9921200eda4fe6a9.jpg,Lipstick
e7294f9a42801340f1fcb041475ffb1d.jpg,Lipstick
sW0ZyLdINR_e9VQCf6C-pwGsTE8.jpg,Lipstick
58613099_466270380580830_7532108235056217160_n.jpg,Lipstick
3398c34a5630768c24abad773c6ee1ca.jpg,Lipstick
OILiRLgLj9jVe9S3N_a89NzlFts.jpg,Lipstick
59357900_329576414408077_1616440050113665593_n.jpg,Lipstick
24362e1ecbc69c07fa9349febf3077a5.jpg,Lipstick
0FZ4kYlerWk5mgsBLxrucnL6tGU.jpg,Lipstick
mfmmCww_xOzGyVIuooKbTo4U4VE.jpg,Lipstick
09728716bf4c9fc7d3f451e6c5ac6fe2.jpg,Lipstick
7e9d15b1a3706772ba707b83a78dc1ca.jpg,Lipstick
6e79d34e235c55839ce1ae4605d31c4c.jpg,Lipstick
60077069_2241537102773237_1456293562791208759_n.jpg,Lipstick
OMvVCvYrodAdAXczpXjFRFf4nKM.jpg,Lipstick
59375764_1060410760835453_1235323902975631679_n.jpg,Lipstick
6hUkhnGfTPPsiPLEOYhsu9X68U4.jpg,Lipstick
MNDc4evxglPx1cBx5yn16kr25cU.jpg,Lipstick
9f445faca4be42d562d47734369e7aa7.jpg,Lipstick
e04c86fb4c86ce9b2c5837f432a8d336.jpg,Lipstick
b85c36fb9964fb994b93a31da32a78f3.jpg,Lipstick
bfa0d69bdfb2532a33b938c288d42eba.jpg,Lipstick
55740e81526f6c1fef7723dfbcc993e2.jpg,Lipstick
ad41f2b74ccd4e4ae7e6c49e25f32991.jpg,Lipstick
0be1b03fc523271ef4e6d7cc0868531e.jpg,Lipstick
bf0717c838aa540165fae5b4bd3c689d.jpg,Lipstick
dkawUeQRGgn0pAAh9ksEFd4Ryl4.jpg,Lipstick
37959b0f7fe52d6e1adcf608228cadda.jpg,Lipstick
32831463d3c62cfed04c10bacf1e5039.jpg,Lipstick
7032e7fa763c36564cf1c46c2e722d1d.jpg,Lipstick
59617115_397539777642012_1459438564121733054_n.jpg,Lipstick
59253120_2373210216035401_621529748269576842_n.jpg,Lipstick
128b95b0c302bf809ad5e09cd648fb14.jpg,Lipstick
235af68cf1b6511cbcede9140826896e.jpg,Lipstick
9e1ce79f665e8a8dbacaf7e3fdcd9baa.jpg,Lipstick
JPi2tvzyeDsjDAfzgMGOe3BDJJ4.jpg,Lipstick
1c48cf18ecd95354a174f445e6002b60.jpg,Lipstick
hY9Lf9-lWsv1pu6v65Pc7RoBREw.jpg,Lipstick
oeW5gUl5AVgWqhXnTdJ2Y1QSmMg.jpg,Lipstick
59363751_2026672024110871_4308666736992207890_n.jpg,Lipstick
d308c68f386278ce2e6dbf92b5788369.jpg,Lipstick
TISubOTP8kcGKbz4CTYXbhG4QS0.jpg,Lipstick
59087491_672873429812198_4627195922932913450_n.jpg,Lipstick
eGkWn2fS6SkJ5JpHni5_4jJ5_EM.jpg,Lipstick
ebd5286be5ed1c74e621daca7cfa743b.jpg,Lipstick
508stPtPvwhs00ZIugUB1mYp34Y.jpg,Lipstick
83637f71a88ec85b7963341eeef27d86.jpg,Lipstick
8ad2ab65892d4dcfc6f6b36d5e1f1b40.jpg,Lipstick
frM7edCs3ZZ5HF-gXW011UbxnXE.jpg,Lipstick
a5cc158102ad08cc01107a7166bc5845.jpg,Lipstick
82cf69db98b921b47dc65c8016d15632.jpg,Lipstick
9d3298f4d46c6c1dbaf1b61d6536cc49.jpg,Lipstick
84c038d670a5e9ec8536f804f11e8291.jpg,Lipstick
7f92da94492cff8de6d90bd3e4d9ba3e.jpg,Lipstick
EkIEFjevcyxNO9TBVEi3js2f5qA.jpg,Lipstick
05c84de5e26c31504e310f931be82380.jpg,Lipstick
5cdd5d2f1e111e458d9c4490b242a868.jpg,Lipstick
OZ0kZhCUb1a87WcK9R_GzEWZ_-o.jpg,Lipstick
ybyNFE48uG1rNs9k6g3RzC7Ecvw.jpg,Lipstick
5a93a4ee1c773550ae8c2a886a42a367.jpg,Lipstick
284f4344a108944e02e484c128ea30e9.jpg,Lipstick
60318942_669900110113928_1141674614835031730_n.jpg,Lipstick
4b5f262520792d91f681219229326779.jpg,Lipstick
EToQMZibYMf1AYMxIlZiLU10VwI.jpg,Lipstick
1250189565c9afdbefa8af7f8b082e14.jpg,Lipstick
0fbca8cabe91b4e08837cf6d9e0d6b0c.jpg,Lipstick
81c1fdffacc0c24dad7439574d69a656.jpg,Lipstick
59879059_2706674826071314_58362490205624777_n.jpg,Lipstick
K45gC_-mUx0IOGDZeRCoBuEoDhA.jpg,Lipstick
59325981_426128881485520_7790371094902137824_n.jpg,Lipstick
da827ed60c429c35827584f30770ab0b.jpg,Lipstick
6027c413bd8b07bd5b15eba888799df9.jpg,Lipstick
60150442_584366182053891_2127766854341105881_n.jpg,Lipstick
8d0ef49e5090332d7867c15a0604ca1d.jpg,Lipstick
_PRrlNrSLhHGaUTfduYgQ6eOAdI.jpg,Lipstick
34a6ed63e41d8650aa3ff2e997cf81e6.jpg,Lipstick
430339c6fbd63d52c38a201eb35046da.jpg,Lipstick
59842519_2060621480909534_2594322386852453513_n.jpg,Lipstick
58853010_168149974191996_7546981334361393862_n.jpg,Lipstick
58622832_2217749968317492_9033231078146470368_n.jpg,Lipstick
46301692_157228531907931_1832696406447205852_n.jpg,Lipstick
YP7Hjb4p4Gy4DJTFbzkBIQmCuvA.jpg,Lipstick
58740241_361142737841523_6364134740434577677_n.jpg,Lipstick
PJt3tfrzhODcuKbsTa05Ojhz9is.jpg,Lipstick
ceabf6f94454908ee17144184b0d7088.jpg,Lipstick
41356f80f99baa2949212ac1f8db8658.jpg,Lipstick
2e207821fc54d440a43c76ef5f7f9752.jpg,Lipstick
59843132_154964602219351_5496071783318734094_n.jpg,Lipstick
58722675_345297682856781_7155912017873639647_n.jpg,Lipstick
9d5ab47713c7d71c57d2cb4d49fce0b4.jpg,Lipstick
57488099_355421645088657_7381976018598827374_n.jpg,Lipstick
2a04dd05d64e8bc12a9a4c9b383332b4.jpg,Lipstick
ee809f709cba98395622124a9b0db304.jpg,Lipstick
9a345d799361826a20e2882817f72c0b.jpg,Lipstick
-b2cugUzKg6IIHIJjfXGcDnKsZA.jpg,Lipstick
AN1nUZhmL7DznQLN7bahJDJ0RdI.jpg,Lipstick
E6RfMmD4E277aldqqCjp8QG1rbI.jpg,Lipstick
abf938ec7ced11c8280ba520761699d3.jpg,Lipstick
59945422_2092354611062751_9084848018179561524_n.jpg,Lipstick
40707382cfa0bf926739bbe4075e7c9e.jpg,Lipstick
b3084e6064bc536fa7515784d09a0acb.jpg,Lipstick
ad50e5db0a38ca665edcc6957455d51a.jpg,Lipstick
59008967_137216624114951_5863403468636899330_n.jpg,Lipstick
b4d8b3493b9232bec4459c50a0164a41.jpg,Lipstick
60009145_124159222111103_461930914771905567_n.jpg,Lipstick
BFyYtRPrpaAJIT8HeQ8Deiu2b6I.jpg,Lipstick
6404f1a09b1ac3fd0d1137cc581d62c6.jpg,Lipstick
cnFgl1OkrquxwLuLqBr49yDcHrk.jpg,Lipstick
1baa72a167d3bd389660825391d03753.jpg,Lipstick
526164618f2d4b04490d690bf706737e.jpg,Lipstick
d8f9811542c1fed3832ac94cc673d7e9.jpg,Lipstick
27ba8e0864f1c638fb9e1b170fcbc494.jpg,Lipstick
f0ca1e6e4fe655c89a906d94528db39d.jpg,Lipstick
14670cc6c8c4eccfe9e226ca8ba5aa9f.jpg,Lipstick
66fd9594701796cd1c9356066144d164.jpg,Lipstick
27OkN65QFmreL5esMnSY9ieW6iI.jpg,Lipstick
yqv9XNbX9mnVkMWNzda67zSeIQg.jpg,Lipstick
7107e32738cba3fe172faa8cfb345a1a.jpg,Lipstick
60138385_471024660303846_1515654715585137477_n.jpg,Lipstick
498cf265d0c5ba2d71594ef720a97e5e.jpg,Lipstick
n8b1aqNFLkPfWvR8JU7WydqDZ2g.jpg,Lipstick
20608210cb4c75d2b6247016212c2022.jpg,Lipstick
045ddcf830a2dd39783b31513a7badbe.jpg,Lipstick
a3bc8359e71cb9ff9714b9b7b988099c.jpg,Lipstick
e3b6aa0cbad4d9ac20faa0b1537a6471.jpg,Lipstick
af4041f5ff027e0cadeef5d823f8b68e.jpg,Lipstick
4776f6072434c9ca46730fa15ea75601.jpg,Lipstick
9eeb0064ae649f0d30985c889df58822.jpg,Lipstick
b3c55eb0bb26af02cf70ad8aa71fe7df.jpg,Lipstick
5d9473deb4b8d520cf479469e8a7ba2d.jpg,Lipstick
8321f5c0aa46820c68c2160e1864cb21.jpg,Lipstick
237f2f1abe4f877523696072e5208242.jpg,Lipstick
311b87b7cd6447317d8c0fc0cae09574.jpg,Lipstick
8989016e3d02fd452a43e2e06c9abed3.jpg,Lipstick
4UlUTIui-9lAw0ELPbLfPnHBJPc.jpg,Lipstick
29iVJpT_qBIkjnKAAvvplFc4W7o.jpg,Lipstick
eaae2f4539966d91454331bff57a8e70.jpg,Lipstick
0ad937473b295658b8dd43e1a3234875.jpg,Lipstick
3fba133762f487d6939dcf8974361dd9.jpg,Lipstick
b8a803516ed51557810bdf6a77313417.jpg,Lipstick
58772408_1149252288581866_2619308311033257900_n.jpg,Lipstick
eJg2rxC0nfjmUFLr6_RIKsLAFEM.jpg,Lipstick
t7dNZxudB4BeNsDmpQ1WMUmDJds.jpg,Lipstick
QLr55Bni1klLhEzAcn4dT3-7ld4.jpg,Lipstick
60169533_338194220216276_2452652831323617449_n.jpg,Lipstick
d698ea61caeb04732c909fa5a12200c6.jpg,Lipstick
60085790_1514689898665578_4465535498262077084_n.jpg,Lipstick
516108f75fdc91e58e592d4afe841d6c.jpg,Lipstick
8f42822e8a1d9da4e744519cf6dd3b72.jpg,Lipstick
59821474_1248324861987103_8380991983375018183_n.jpg,Lipstick
7355e394483a678fdc1a2bcc59edef75.jpg,Lipstick
60185450_878345385845969_3067592686748828981_n.jpg,Lipstick
7225af37e42e305aed60d145c0f99bf6.jpg,Lipstick
8810828cdfb0955a94c2176ac2318874.jpg,Lipstick
800e023480fcc8b3e6043676563c38df.jpg,Lipstick
e6ded7495abd684d2cf3301937522f41.jpg,Lipstick
b653463279389f4352685332fa1216d7.jpg,Lipstick
96e6f77896d5b1f843207872e3306311.jpg,Lipstick
2c4a9ec9c90c00e76a1788d425142797.jpg,Lipstick
XcDFvUMms1MSwziEoEQ_damhRB8.jpg,Lipstick
ad56edd24aec7576d51026c7e426a538.jpg,Lipstick
c5343b82d89f08a978f67b7b6cc7681e.jpg,Lipstick
e4Y6avhOT183Lhv9l8ocmuai66A.jpg,Lipstick
25f3be1471c221098571bd06d7269c7f.jpg,Lipstick
b9c5c3abdabb23ef90944bd67a3fe6ea.jpg,Lipstick
4409e3b3466e19a27328dabfaab2d2d9.jpg,Lipstick
d3f552adb8105ed44ce86bdad23c1943.jpg,Lipstick
58410050_113556363008703_5750773531642255186_n.jpg,Lipstick
58468791_474662506612654_3288175121109901415_n.jpg,Lipstick
f323fdbe43ff9d6457b98421da39293b.jpg,Lipstick
f3eec49a7ac8bb13137710556345c826.jpg,Lipstick
nZGc51HCyAiuP8a_nNDZ0tS__YY.jpg,Lipstick
ytJXAJTIKupuQwL9Po4O4khIL8s.jpg,Lipstick
60190320_140730730378681_5826379725268152689_n.jpg,Lipstick
58689500_437840100301990_5685952260888070907_n.jpg,Lipstick
cbe8ee1be7a7f5d600b72de4d8def6b8.jpg,Lipstick
612eb6cc568d60a4beeb49871dddb7a4.jpg,Lipstick
ibicq4mSwEy7cxGZLv64uM0ESnw.jpg,Lipstick
WyT4qeyH3m-uKAEki-eDm7Q008E.jpg,Lipstick
064a3358e555773107f84f0d940f24b8.jpg,Lipstick
973efd97b889b7728df81b9991351915.jpg,Lipstick
CJExOOvaTxMHz2uqSXeQRLjUaOo.jpg,Lipstick
a778b5b3426630ad4242907a3ce177d5.jpg,Lipstick
c0bMu11UGvMj1zLQ1cs2nnkMfio.jpg,Lipstick
59375344_424005245058495_5320752224435692128_n.jpg,Lipstick
92cf8c9df66342109afc0a619e33c303.jpg,Lipstick
59390857_430121194218296_1766488781043226386_n.jpg,Lipstick
58909973_128914451627556_1609829763071591440_n.jpg,Lipstick
286d27ca7b3a0d346d837b31285539a5.jpg,Lipstick
60bd41b57ef59614c63fd89515c2e0e3.jpg,Lipstick
a0138991684c9db13e8c588f7121afec.jpg,Lipstick
37910651fb2469a6511b76836801802b.jpg,Lipstick
f6d1f85e387fe00644d605bedffc6487.jpg,Lipstick
c25afaf120855711d0e38bf98ffe6ff9.jpg,Lipstick
212015bd109e254de1ae229b46af5819.jpg,Lipstick
59320282_461203031316872_2932124963326451188_n.jpg,Lipstick
006f2cce01bd0d6aafaad0efcfc3f047.jpg,Lipstick
3b9f04bc4bb4a0c0c766649e600ec2a4.jpg,Lipstick
qvMLKiEAAQt4VqF7cupZO_Qs9Xc.jpg,Lipstick
b980f8889a8c9c064514f79652721886.jpg,Lipstick
-Hmpf8TMdx8Wx8xJW4Buvw6o9CE.jpg,Lipstick
feee5b5584be744bbb6c1be88b5bcaa7.jpg,Lipstick
Pu9cuMMdGWsYGZNzVPRY1pEk9VE.jpg,Lipstick
NRiM80Vze1EL4ZW97QxUA5Wf0Y4.jpg,Lipstick
49d745b2a87fa520c1576af3dcb3093d.jpg,Lipstick
5179dda20a30689e2fb0738a9875f564.jpg,Lipstick
2dfbe7530283fe7b827037d94c783991.jpg,Lipstick
ce0ba1db9c0b47a38383efdf49096b95.jpg,Lipstick
b5198066b5835b15a6a6674415e02272.jpg,Lipstick
59163530_338719840176503_4734279237736760826_n.jpg,Lipstick
c92abadd0b85b85f5ac45d99ed4768a9.jpg,Lipstick
812875148e1ec9646b6557138187528a.jpg,Lipstick
3e07f056a9db4ec8b1dea69c1ebac9b9.jpg,Lipstick
f0e45ece6be07d05a1de50c11b0292d8.jpg,Lipstick
c1ef568ffade4bf2178a4eeb875493a6.jpg,Lipstick
8e13ed3c645972e3150b9fb4cb108991.jpg,Lipstick
bf9992288bfa6be1cbb2838d92225a70.jpg,Lipstick
3f3e6fa3f24f8e379c743beb6da104d5.jpg,Lipstick
lnh9ADRuPeo7E9_AWpBMn59enXo.jpg,Lipstick
f6ce85a6ed39af4f4f407d55d707eb59.jpg,Lipstick
EgsCC0vNTu1mabv7asKxTZEQ9MM.jpg,Lipstick
z8KgeJAQxyJuSEjl_SPz_KoQ8os.jpg,Lipstick
b4202d6d9e48f7b2c9a0bc6218e8af7d.jpg,Lipstick
9f3e7bebdf284dba168dbbf1c187100a.jpg,Lipstick
58614702_356326885009440_2306627338969928467_n.jpg,Lipstick
NMeq462AVIjWapUOXwbaxBAy0x8.jpg,Lipstick
5a9d325d56bf2e504bdba172bafb9ddc.jpg,Lipstick
59834816_122246685650173_9165337317478862348_n.jpg,Lipstick
5c886226e3011ef9cbc6eeb94d37a638.jpg,Lipstick
59706624_2648302562062915_3064156868741813813_n.jpg,Lipstick
58755289_179645066283051_4854498508365432132_n.jpg,Lipstick
ab0ba51158fa8dde7c2d8e084f76a412.jpg,Lipstick
24dfb63dbbc0d58c734353fda8f1f616.jpg,Lipstick
bcd7049fa03723952cffa11efa150d78.jpg,Lipstick
Nx3OlFdzERdFIvr0NAWmrHs96Lw.jpg,Lipstick
dfcb76044cbbed2519cf5ece0b0d8757.jpg,Lipstick
c7pDDPKuJyNaMY7vEuZcVwtakhk.jpg,Lipstick
141cc1641140e3392da769c70cbb9587.jpg,Lipstick
30a0d58a5775293a7758c836a52c2f09.jpg,Lipstick
6b9e0a0c0a716ebd7bc0a557dde5996d.jpg,Lipstick
c7c726e0077d867a2376e5b59fa706da.jpg,Lipstick
4d5920a6e083a3fe1b368d20d8ea28c1.jpg,Lipstick
G1sr16IlGhoaStyBjiPy8XEzYgE.jpg,Lipstick
ae948836d9a0e71d29c075ac2ecd7c08.jpg,Lipstick
c55001e96bdc522229a65621b944f9ca.jpg,Lipstick
2e8e20fa6fa338600f8ef3cc471fab70.jpg,Lipstick
3f2e873afa7fd95087d4a8346b15f636.jpg,Lipstick
f9123a84521e0fc842657dcaa16da5bf.jpg,Lipstick
f3d1d424100017855d1b2ad93b3ea401.jpg,Lipstick
49c08cf5608d14f7d7725a2f156dd64c.jpg,Lipstick
58619943_289737115306094_2814511299397649560_n.jpg,Lipstick
b7786e169e67109f9c1be0f21fd3d838.jpg,Lipstick
-MtO74R_cPy5saK9SJNjZRsUCzI.jpg,Lipstick
1BoYLUryu8IPB6ibRF3z-1FxpX0.jpg,Lipstick
1Lk8RxYY0uOeswJNuA3oAc3FnYw.jpg,Lipstick
1e176245007c0dbb1495d07d549a8106.jpg,Lipstick
60271633_463853161040734_8797943182751101138_n.jpg,Lipstick
235c5a3f777d5b555a42f7d5a59dcbde.jpg,Lipstick
58858158_573378919836452_4599396178938109743_n.jpg,Lipstick
yehj402yGdHikXdu8AZqXWxV5zY.jpg,Lipstick
7AHbXu-7-GbiQpARqDivbjI5soE.jpg,Lipstick
fP7n_nEaNyvmKZHqa_JNf6LROJw.jpg,Lipstick
8a3a01782e5eea2c964663caf2b0e318.jpg,Lipstick
232f2b4cd23c3af3b0bea045d9c0b68c.jpg,Lipstick
0cef8b4517392326ed7cdd54d8861f98.jpg,Lipstick
870e06248a2dc0869a3257a479f8e561.jpg,Lipstick
9VE9ex3qaLiO7GETLnn079jScgQ.jpg,Lipstick
c7a2223ea5910fd3c075a96c7f3d3fd5.jpg,Lipstick
